itemId,interactionType,interactionSubtype,gradeLevel,eligibleContent,ecResolved,contentHash,reviewStatus,itemStatus,studentReadyBlockedReason,batchId,perGateResults,finalImportEligibility,blockedReasons,dbAction
pssa_item_g3_reading_1,MCQ,,3,E03.A-K.1.1.1,true,sha256:1fea51d2127fc1a7d087348c736003278508a97589eddfb9eb9c489342c1fa2f,PENDING,candidate,PENDING_REVIEW,reading_mcq_grade3,PSSA_MCQ_PASSAGE_SPECIFICITY:PASS;PSSA_ITEM_EC_SKILL_MATCH:PASS;PSSA_MCQ_CORRECT_IS_LONGEST:PASS;PSSA_MCQ_ABSOLUTE_LANGUAGE_DISTRACTOR:PASS;PSSA_MCQ_ANSWER_POSITION_DISTRIBUTION:PASS;PSSA_IMPORT_EC_RESOLVES:PASS;PSSA_IMPORT_NO_LEAK:PASS;PSSA_IMPORT_FAILCLOSED_DEFAULTS:PASS;PSSA_IMPORT_RESPONSE_SHAPE_VALID:PASS,eligible,,N/A
pssa_item_g3_reading_2,MCQ,,3,E03.A-K.1.1.2,true,sha256:ecb16811cabdc2e036f1de818ee16f2e0655f238b3b43d4136e6245584694c3d,PENDING,candidate,PENDING_REVIEW,reading_mcq_grade3,PSSA_MCQ_PASSAGE_SPECIFICITY:PASS;PSSA_ITEM_EC_SKILL_MATCH:PASS;PSSA_MCQ_CORRECT_IS_LONGEST:PASS;PSSA_MCQ_ABSOLUTE_LANGUAGE_DISTRACTOR:PASS;PSSA_MCQ_ANSWER_POSITION_DISTRIBUTION:PASS;PSSA_IMPORT_EC_RESOLVES:PASS;PSSA_IMPORT_NO_LEAK:PASS;PSSA_IMPORT_FAILCLOSED_DEFAULTS:PASS;PSSA_IMPORT_RESPONSE_SHAPE_VALID:PASS,eligible,,N/A
pssa_item_g3_reading_3,MCQ,,3,E03.A-K.1.1.3,true,sha256:7d682cba46621293f8886267c5131c1bd68e3b253cb6ce2b5aaaa33ab161e96e,PENDING,candidate,PENDING_REVIEW,reading_mcq_grade3,PSSA_MCQ_PASSAGE_SPECIFICITY:PASS;PSSA_ITEM_EC_SKILL_MATCH:PASS;PSSA_MCQ_CORRECT_IS_LONGEST:PASS;PSSA_MCQ_ABSOLUTE_LANGUAGE_DISTRACTOR:PASS;PSSA_MCQ_ANSWER_POSITION_DISTRIBUTION:PASS;PSSA_IMPORT_EC_RESOLVES:PASS;PSSA_IMPORT_NO_LEAK:PASS;PSSA_IMPORT_FAILCLOSED_DEFAULTS:PASS;PSSA_IMPORT_RESPONSE_SHAPE_VALID:PASS,eligible,,N/A
pssa_item_g3_reading_4,MCQ,,3,E03.A-C.2.1.1,true,sha256:6eec9ba87b7ca6120bd2d1bc9792bf4ced91394d61d60154d8e8c87098240072,PENDING,candidate,PENDING_REVIEW,reading_mcq_grade3,PSSA_MCQ_PASSAGE_SPECIFICITY:PASS;PSSA_ITEM_EC_SKILL_MATCH:PASS;PSSA_MCQ_CORRECT_IS_LONGEST:PASS;PSSA_MCQ_ABSOLUTE_LANGUAGE_DISTRACTOR:PASS;PSSA_MCQ_ANSWER_POSITION_DISTRIBUTION:PASS;PSSA_IMPORT_EC_RESOLVES:PASS;PSSA_IMPORT_NO_LEAK:PASS;PSSA_IMPORT_FAILCLOSED_DEFAULTS:PASS;PSSA_IMPORT_RESPONSE_SHAPE_VALID:PASS,eligible,,N/A
pssa_item_g3_reading_5,MCQ,,3,E03.A-C.3.1.1,true,sha256:8c792db2b5bda20090065cd7cfb6cadd523819b4243eab36519a33281256293b,PENDING,candidate,PENDING_REVIEW,reading_mcq_grade3,PSSA_MCQ_PASSAGE_SPECIFICITY:PASS;PSSA_ITEM_EC_SKILL_MATCH:PASS;PSSA_MCQ_CORRECT_IS_LONGEST:PASS;PSSA_MCQ_ABSOLUTE_LANGUAGE_DISTRACTOR:PASS;PSSA_MCQ_ANSWER_POSITION_DISTRIBUTION:PASS;PSSA_IMPORT_EC_RESOLVES:PASS;PSSA_IMPORT_NO_LEAK:PASS;PSSA_IMPORT_FAILCLOSED_DEFAULTS:PASS;PSSA_IMPORT_RESPONSE_SHAPE_VALID:PASS,eligible,,N/A
pssa_item_g3_reading_6,MCQ,,3,E03.A-V.4.1.1,true,sha256:d552f261a42870ffc84a17ab5f2d4fe634b1ae1b42bc5b3feef06241e06477ac,PENDING,candidate,PENDING_REVIEW,reading_mcq_grade3,PSSA_MCQ_PASSAGE_SPECIFICITY:PASS;PSSA_ITEM_EC_SKILL_MATCH:PASS;PSSA_MCQ_CORRECT_IS_LONGEST:PASS;PSSA_MCQ_ABSOLUTE_LANGUAGE_DISTRACTOR:PASS;PSSA_MCQ_ANSWER_POSITION_DISTRIBUTION:PASS;PSSA_IMPORT_EC_RESOLVES:PASS;PSSA_IMPORT_NO_LEAK:PASS;PSSA_IMPORT_FAILCLOSED_DEFAULTS:PASS;PSSA_IMPORT_RESPONSE_SHAPE_VALID:PASS,eligible,,N/A
pssa_item_g3_reading_7,MCQ,,3,E03.A-V.4.1.2,true,sha256:7bb65cfc2b369cc5d55d3c846c4eded3e692a94630f09b95e58c732470e8bb8b,PENDING,candidate,PENDING_REVIEW,reading_mcq_grade3,PSSA_MCQ_PASSAGE_SPECIFICITY:PASS;PSSA_ITEM_EC_SKILL_MATCH:PASS;PSSA_MCQ_CORRECT_IS_LONGEST:PASS;PSSA_MCQ_ABSOLUTE_LANGUAGE_DISTRACTOR:PASS;PSSA_MCQ_ANSWER_POSITION_DISTRIBUTION:PASS;PSSA_IMPORT_EC_RESOLVES:PASS;PSSA_IMPORT_NO_LEAK:PASS;PSSA_IMPORT_FAILCLOSED_DEFAULTS:PASS;PSSA_IMPORT_RESPONSE_SHAPE_VALID:PASS,eligible,,N/A
pssa_item_g3_reading_8,MCQ,,3,E03.B-K.1.1.1,true,sha256:2df8adff46e27632a36fcbe991a551b49333e62c19e4e841522d143f9771e59c,PENDING,candidate,PENDING_REVIEW,reading_mcq_grade3,PSSA_MCQ_PASSAGE_SPECIFICITY:PASS;PSSA_ITEM_EC_SKILL_MATCH:PASS;PSSA_MCQ_CORRECT_IS_LONGEST:PASS;PSSA_MCQ_ABSOLUTE_LANGUAGE_DISTRACTOR:PASS;PSSA_MCQ_ANSWER_POSITION_DISTRIBUTION:PASS;PSSA_IMPORT_EC_RESOLVES:PASS;PSSA_IMPORT_NO_LEAK:PASS;PSSA_IMPORT_FAILCLOSED_DEFAULTS:PASS;PSSA_IMPORT_RESPONSE_SHAPE_VALID:PASS,eligible,,N/A
pssa_item_g3_reading_9,MCQ,,3,E03.B-K.1.1.2,true,sha256:81a5ae3354ac011bd8bb6a3a119c296fb0356aecd19f1d69a7cf6a9cf28acaf8,PENDING,candidate,PENDING_REVIEW,reading_mcq_grade3,PSSA_MCQ_PASSAGE_SPECIFICITY:PASS;PSSA_ITEM_EC_SKILL_MATCH:PASS;PSSA_MCQ_CORRECT_IS_LONGEST:PASS;PSSA_MCQ_ABSOLUTE_LANGUAGE_DISTRACTOR:PASS;PSSA_MCQ_ANSWER_POSITION_DISTRIBUTION:PASS;PSSA_IMPORT_EC_RESOLVES:PASS;PSSA_IMPORT_NO_LEAK:PASS;PSSA_IMPORT_FAILCLOSED_DEFAULTS:PASS;PSSA_IMPORT_RESPONSE_SHAPE_VALID:PASS,eligible,,N/A
pssa_item_g3_reading_10,MCQ,,3,E03.B-K.1.1.3,true,sha256:59259d1496d57986708d713c73dbc6d1c1db855d82e05db158489788b8a3a67c,PENDING,candidate,PENDING_REVIEW,reading_mcq_grade3,PSSA_MCQ_PASSAGE_SPECIFICITY:PASS;PSSA_ITEM_EC_SKILL_MATCH:PASS;PSSA_MCQ_CORRECT_IS_LONGEST:PASS;PSSA_MCQ_ABSOLUTE_LANGUAGE_DISTRACTOR:PASS;PSSA_MCQ_ANSWER_POSITION_DISTRIBUTION:PASS;PSSA_IMPORT_EC_RESOLVES:PASS;PSSA_IMPORT_NO_LEAK:PASS;PSSA_IMPORT_FAILCLOSED_DEFAULTS:PASS;PSSA_IMPORT_RESPONSE_SHAPE_VALID:PASS,eligible,,N/A
pssa_item_g3_reading_11,MCQ,,3,E03.B-C.2.1.1,true,sha256:ff03b5ba77028141113776c0f6f4a55a2ca79353ea9d3271824023a4531a3a2e,PENDING,candidate,PENDING_REVIEW,reading_mcq_grade3,PSSA_MCQ_PASSAGE_SPECIFICITY:PASS;PSSA_ITEM_EC_SKILL_MATCH:PASS;PSSA_MCQ_CORRECT_IS_LONGEST:PASS;PSSA_MCQ_ABSOLUTE_LANGUAGE_DISTRACTOR:PASS;PSSA_MCQ_ANSWER_POSITION_DISTRIBUTION:PASS;PSSA_IMPORT_EC_RESOLVES:PASS;PSSA_IMPORT_NO_LEAK:PASS;PSSA_IMPORT_FAILCLOSED_DEFAULTS:PASS;PSSA_IMPORT_RESPONSE_SHAPE_VALID:PASS,eligible,,N/A
pssa_item_g3_reading_12,MCQ,,3,E03.B-C.2.1.2,true,sha256:c8559d9bd2f49cd80485d64bd1cc89ea6458eaaab3ea8c107e5e89d3f8375971,PENDING,candidate,PENDING_REVIEW,reading_mcq_grade3,PSSA_MCQ_PASSAGE_SPECIFICITY:PASS;PSSA_ITEM_EC_SKILL_MATCH:PASS;PSSA_MCQ_CORRECT_IS_LONGEST:PASS;PSSA_MCQ_ABSOLUTE_LANGUAGE_DISTRACTOR:PASS;PSSA_MCQ_ANSWER_POSITION_DISTRIBUTION:PASS;PSSA_IMPORT_EC_RESOLVES:PASS;PSSA_IMPORT_NO_LEAK:PASS;PSSA_IMPORT_FAILCLOSED_DEFAULTS:PASS;PSSA_IMPORT_RESPONSE_SHAPE_VALID:PASS,eligible,,N/A
pssa_item_g3_reading_13,MCQ,,3,E03.B-C.3.1.1,true,sha256:557639aab4a214972b92698285dd586205ca0696492e7945e03aa5ec7394aa9d,PENDING,candidate,PENDING_REVIEW,reading_mcq_grade3,PSSA_MCQ_PASSAGE_SPECIFICITY:PASS;PSSA_ITEM_EC_SKILL_MATCH:PASS;PSSA_MCQ_CORRECT_IS_LONGEST:PASS;PSSA_MCQ_ABSOLUTE_LANGUAGE_DISTRACTOR:PASS;PSSA_MCQ_ANSWER_POSITION_DISTRIBUTION:PASS;PSSA_IMPORT_EC_RESOLVES:PASS;PSSA_IMPORT_NO_LEAK:PASS;PSSA_IMPORT_FAILCLOSED_DEFAULTS:PASS;PSSA_IMPORT_RESPONSE_SHAPE_VALID:PASS,eligible,,N/A
pssa_item_g3_reading_14,MCQ,,3,E03.B-C.3.1.2,true,sha256:6af448e85eafad43a2a590ed61323b884e851222fc8b55bdf741039317ac4e79,PENDING,candidate,PENDING_REVIEW,reading_mcq_grade3,PSSA_MCQ_PASSAGE_SPECIFICITY:PASS;PSSA_ITEM_EC_SKILL_MATCH:PASS;PSSA_MCQ_CORRECT_IS_LONGEST:PASS;PSSA_MCQ_ABSOLUTE_LANGUAGE_DISTRACTOR:PASS;PSSA_MCQ_ANSWER_POSITION_DISTRIBUTION:PASS;PSSA_IMPORT_EC_RESOLVES:PASS;PSSA_IMPORT_NO_LEAK:PASS;PSSA_IMPORT_FAILCLOSED_DEFAULTS:PASS;PSSA_IMPORT_RESPONSE_SHAPE_VALID:PASS,eligible,,N/A
pssa_item_g3_reading_15,MCQ,,3,E03.B-C.3.1.3,true,sha256:dab7663be02ee9b035d69fadae24c8cfe5eb6cb86b9968ba213dead9770d4c4b,PENDING,candidate,PENDING_REVIEW,reading_mcq_grade3,PSSA_MCQ_PASSAGE_SPECIFICITY:PASS;PSSA_ITEM_EC_SKILL_MATCH:PASS;PSSA_MCQ_CORRECT_IS_LONGEST:PASS;PSSA_MCQ_ABSOLUTE_LANGUAGE_DISTRACTOR:PASS;PSSA_MCQ_ANSWER_POSITION_DISTRIBUTION:PASS;PSSA_IMPORT_EC_RESOLVES:PASS;PSSA_IMPORT_NO_LEAK:PASS;PSSA_IMPORT_FAILCLOSED_DEFAULTS:PASS;PSSA_IMPORT_RESPONSE_SHAPE_VALID:PASS,eligible,,N/A
pssa_item_g3_reading_16,MCQ,,3,E03.B-V.4.1.1,true,sha256:dbc7b6b64a2c5ba131182bb2a211cb4ea8717a17dfcb26319af47213b311e1df,PENDING,candidate,PENDING_REVIEW,reading_mcq_grade3,PSSA_MCQ_PASSAGE_SPECIFICITY:PASS;PSSA_ITEM_EC_SKILL_MATCH:PASS;PSSA_MCQ_CORRECT_IS_LONGEST:PASS;PSSA_MCQ_ABSOLUTE_LANGUAGE_DISTRACTOR:PASS;PSSA_MCQ_ANSWER_POSITION_DISTRIBUTION:PASS;PSSA_IMPORT_EC_RESOLVES:PASS;PSSA_IMPORT_NO_LEAK:PASS;PSSA_IMPORT_FAILCLOSED_DEFAULTS:PASS;PSSA_IMPORT_RESPONSE_SHAPE_VALID:PASS,eligible,,N/A
pssa_item_g3_reading_17,MCQ,,3,E03.B-V.4.1.2,true,sha256:b0a3d92acd4d84c7944c3565e94a5b1ca9c65c1454b150fb836334864d500391,PENDING,candidate,PENDING_REVIEW,reading_mcq_grade3,PSSA_MCQ_PASSAGE_SPECIFICITY:PASS;PSSA_ITEM_EC_SKILL_MATCH:PASS;PSSA_MCQ_CORRECT_IS_LONGEST:PASS;PSSA_MCQ_ABSOLUTE_LANGUAGE_DISTRACTOR:PASS;PSSA_MCQ_ANSWER_POSITION_DISTRIBUTION:PASS;PSSA_IMPORT_EC_RESOLVES:PASS;PSSA_IMPORT_NO_LEAK:PASS;PSSA_IMPORT_FAILCLOSED_DEFAULTS:PASS;PSSA_IMPORT_RESPONSE_SHAPE_VALID:PASS,eligible,,N/A
pssa_item_g3_reading_18,MCQ,,3,E03.A-K.1.1.1,true,sha256:910d93773a44817039633eb610807b8aaafdde7da815a7608b8a466cf57b0358,PENDING,candidate,PENDING_REVIEW,reading_mcq_grade3,PSSA_MCQ_PASSAGE_SPECIFICITY:PASS;PSSA_ITEM_EC_SKILL_MATCH:PASS;PSSA_MCQ_CORRECT_IS_LONGEST:PASS;PSSA_MCQ_ABSOLUTE_LANGUAGE_DISTRACTOR:PASS;PSSA_MCQ_ANSWER_POSITION_DISTRIBUTION:PASS;PSSA_IMPORT_EC_RESOLVES:PASS;PSSA_IMPORT_NO_LEAK:PASS;PSSA_IMPORT_FAILCLOSED_DEFAULTS:PASS;PSSA_IMPORT_RESPONSE_SHAPE_VALID:PASS,eligible,,N/A
pssa_item_g3_reading_19,MCQ,,3,E03.A-K.1.1.2,true,sha256:83eaaf7c87fc0b0214d2a02abc8e9ffbc2bd5d3a9041c64f97ac00ff0f7a03c7,PENDING,candidate,PENDING_REVIEW,reading_mcq_grade3,PSSA_MCQ_PASSAGE_SPECIFICITY:PASS;PSSA_ITEM_EC_SKILL_MATCH:PASS;PSSA_MCQ_CORRECT_IS_LONGEST:PASS;PSSA_MCQ_ABSOLUTE_LANGUAGE_DISTRACTOR:PASS;PSSA_MCQ_ANSWER_POSITION_DISTRIBUTION:PASS;PSSA_IMPORT_EC_RESOLVES:PASS;PSSA_IMPORT_NO_LEAK:PASS;PSSA_IMPORT_FAILCLOSED_DEFAULTS:PASS;PSSA_IMPORT_RESPONSE_SHAPE_VALID:PASS,eligible,,N/A
pssa_item_g3_reading_20,MCQ,,3,E03.A-K.1.1.3,true,sha256:d55d34cce40d414f786d3fa245771bbf613b2cedee95de9469740964ab69b18b,PENDING,candidate,PENDING_REVIEW,reading_mcq_grade3,PSSA_MCQ_PASSAGE_SPECIFICITY:PASS;PSSA_ITEM_EC_SKILL_MATCH:PASS;PSSA_MCQ_CORRECT_IS_LONGEST:PASS;PSSA_MCQ_ABSOLUTE_LANGUAGE_DISTRACTOR:PASS;PSSA_MCQ_ANSWER_POSITION_DISTRIBUTION:PASS;PSSA_IMPORT_EC_RESOLVES:PASS;PSSA_IMPORT_NO_LEAK:PASS;PSSA_IMPORT_FAILCLOSED_DEFAULTS:PASS;PSSA_IMPORT_RESPONSE_SHAPE_VALID:PASS,eligible,,N/A
pssa_item_g3_reading_21,MCQ,,3,E03.A-C.2.1.1,true,sha256:75f231eaca9ec70a5d5ca9c9b1c9b8823c229a2933f37ddefc3df9241ff2dfa3,PENDING,candidate,PENDING_REVIEW,reading_mcq_grade3,PSSA_MCQ_PASSAGE_SPECIFICITY:PASS;PSSA_ITEM_EC_SKILL_MATCH:PASS;PSSA_MCQ_CORRECT_IS_LONGEST:PASS;PSSA_MCQ_ABSOLUTE_LANGUAGE_DISTRACTOR:PASS;PSSA_MCQ_ANSWER_POSITION_DISTRIBUTION:PASS;PSSA_IMPORT_EC_RESOLVES:PASS;PSSA_IMPORT_NO_LEAK:PASS;PSSA_IMPORT_FAILCLOSED_DEFAULTS:PASS;PSSA_IMPORT_RESPONSE_SHAPE_VALID:PASS,eligible,,N/A
pssa_item_g3_reading_22,MCQ,,3,E03.A-C.3.1.1,true,sha256:b803a26c347cdb80fc79ee0705cc5336e4fbd96c30c989cf3c5a4128667579ba,PENDING,candidate,PENDING_REVIEW,reading_mcq_grade3,PSSA_MCQ_PASSAGE_SPECIFICITY:PASS;PSSA_ITEM_EC_SKILL_MATCH:PASS;PSSA_MCQ_CORRECT_IS_LONGEST:PASS;PSSA_MCQ_ABSOLUTE_LANGUAGE_DISTRACTOR:PASS;PSSA_MCQ_ANSWER_POSITION_DISTRIBUTION:PASS;PSSA_IMPORT_EC_RESOLVES:PASS;PSSA_IMPORT_NO_LEAK:PASS;PSSA_IMPORT_FAILCLOSED_DEFAULTS:PASS;PSSA_IMPORT_RESPONSE_SHAPE_VALID:PASS,eligible,,N/A
pssa_item_g3_reading_23,MCQ,,3,E03.A-V.4.1.1,true,sha256:5839b9d41ed7043391b1a02325840641cbd99dda31da046fdfee32e897107505,PENDING,candidate,PENDING_REVIEW,reading_mcq_grade3,PSSA_MCQ_PASSAGE_SPECIFICITY:PASS;PSSA_ITEM_EC_SKILL_MATCH:PASS;PSSA_MCQ_CORRECT_IS_LONGEST:PASS;PSSA_MCQ_ABSOLUTE_LANGUAGE_DISTRACTOR:PASS;PSSA_MCQ_ANSWER_POSITION_DISTRIBUTION:PASS;PSSA_IMPORT_EC_RESOLVES:PASS;PSSA_IMPORT_NO_LEAK:PASS;PSSA_IMPORT_FAILCLOSED_DEFAULTS:PASS;PSSA_IMPORT_RESPONSE_SHAPE_VALID:PASS,eligible,,N/A
pssa_item_g3_reading_24,MCQ,,3,E03.A-V.4.1.2,true,sha256:24794d009bd26d1e6cc2b487125be410a1ba8f99147189cdf22b6ff4908138ca,PENDING,candidate,PENDING_REVIEW,reading_mcq_grade3,PSSA_MCQ_PASSAGE_SPECIFICITY:PASS;PSSA_ITEM_EC_SKILL_MATCH:PASS;PSSA_MCQ_CORRECT_IS_LONGEST:PASS;PSSA_MCQ_ABSOLUTE_LANGUAGE_DISTRACTOR:PASS;PSSA_MCQ_ANSWER_POSITION_DISTRIBUTION:PASS;PSSA_IMPORT_EC_RESOLVES:PASS;PSSA_IMPORT_NO_LEAK:PASS;PSSA_IMPORT_FAILCLOSED_DEFAULTS:PASS;PSSA_IMPORT_RESPONSE_SHAPE_VALID:PASS,eligible,,N/A
pssa_item_g3_reading_25,MCQ,,3,E03.B-K.1.1.1,true,sha256:5b5794c1ea2728d685c47fb7ad65bf39d33780dd0e3f1e7692da5f48f30baec0,PENDING,candidate,PENDING_REVIEW,reading_mcq_grade3,PSSA_MCQ_PASSAGE_SPECIFICITY:PASS;PSSA_ITEM_EC_SKILL_MATCH:PASS;PSSA_MCQ_CORRECT_IS_LONGEST:PASS;PSSA_MCQ_ABSOLUTE_LANGUAGE_DISTRACTOR:PASS;PSSA_MCQ_ANSWER_POSITION_DISTRIBUTION:PASS;PSSA_IMPORT_EC_RESOLVES:PASS;PSSA_IMPORT_NO_LEAK:PASS;PSSA_IMPORT_FAILCLOSED_DEFAULTS:PASS;PSSA_IMPORT_RESPONSE_SHAPE_VALID:PASS,eligible,,N/A
pssa_item_g3_reading_26,MCQ,,3,E03.B-K.1.1.2,true,sha256:3f43500dea96361d79f4e5169408f069238a49e8b4ae5e85153ccd6efb10cdb0,PENDING,candidate,PENDING_REVIEW,reading_mcq_grade3,PSSA_MCQ_PASSAGE_SPECIFICITY:PASS;PSSA_ITEM_EC_SKILL_MATCH:PASS;PSSA_MCQ_CORRECT_IS_LONGEST:PASS;PSSA_MCQ_ABSOLUTE_LANGUAGE_DISTRACTOR:PASS;PSSA_MCQ_ANSWER_POSITION_DISTRIBUTION:PASS;PSSA_IMPORT_EC_RESOLVES:PASS;PSSA_IMPORT_NO_LEAK:PASS;PSSA_IMPORT_FAILCLOSED_DEFAULTS:PASS;PSSA_IMPORT_RESPONSE_SHAPE_VALID:PASS,eligible,,N/A
pssa_item_g3_reading_27,MCQ,,3,E03.B-K.1.1.3,true,sha256:ed9b542647feec60711dfb29d8a1bb3b7be471195869581768aa7fc8c072cc0b,PENDING,candidate,PENDING_REVIEW,reading_mcq_grade3,PSSA_MCQ_PASSAGE_SPECIFICITY:PASS;PSSA_ITEM_EC_SKILL_MATCH:PASS;PSSA_MCQ_CORRECT_IS_LONGEST:PASS;PSSA_MCQ_ABSOLUTE_LANGUAGE_DISTRACTOR:PASS;PSSA_MCQ_ANSWER_POSITION_DISTRIBUTION:PASS;PSSA_IMPORT_EC_RESOLVES:PASS;PSSA_IMPORT_NO_LEAK:PASS;PSSA_IMPORT_FAILCLOSED_DEFAULTS:PASS;PSSA_IMPORT_RESPONSE_SHAPE_VALID:PASS,eligible,,N/A
pssa_item_g3_reading_28,MCQ,,3,E03.B-C.2.1.1,true,sha256:72d2a5ca18fa50f247d5fb2dc9fea7f7b107b2c0d6663b8bfab397f663f7fe03,PENDING,candidate,PENDING_REVIEW,reading_mcq_grade3,PSSA_MCQ_PASSAGE_SPECIFICITY:PASS;PSSA_ITEM_EC_SKILL_MATCH:PASS;PSSA_MCQ_CORRECT_IS_LONGEST:PASS;PSSA_MCQ_ABSOLUTE_LANGUAGE_DISTRACTOR:PASS;PSSA_MCQ_ANSWER_POSITION_DISTRIBUTION:PASS;PSSA_IMPORT_EC_RESOLVES:PASS;PSSA_IMPORT_NO_LEAK:PASS;PSSA_IMPORT_FAILCLOSED_DEFAULTS:PASS;PSSA_IMPORT_RESPONSE_SHAPE_VALID:PASS,eligible,,N/A
pssa_item_g3_lantern_01,MCQ,,3,E03.A-K.1.1.1,true,sha256:9a8a0052df0960f48a228554e3f2d6497ed41c67d5de8173923b5debe730e85d,PENDING,candidate,PENDING_REVIEW,reading_mcq_grade3,PSSA_MCQ_PASSAGE_SPECIFICITY:PASS;PSSA_ITEM_EC_SKILL_MATCH:PASS;PSSA_MCQ_CORRECT_IS_LONGEST:PASS;PSSA_MCQ_ABSOLUTE_LANGUAGE_DISTRACTOR:PASS;PSSA_MCQ_ANSWER_POSITION_DISTRIBUTION:PASS;PSSA_IMPORT_EC_RESOLVES:PASS;PSSA_IMPORT_NO_LEAK:PASS;PSSA_IMPORT_FAILCLOSED_DEFAULTS:PASS;PSSA_IMPORT_RESPONSE_SHAPE_VALID:PASS,eligible,,N/A
pssa_item_g3_lantern_02,MCQ,,3,E03.A-K.1.1.2,true,sha256:092bac0e5cab32e7ed7eab59f0d0a8e6324c688af4d5626e7b881ed91cd343cf,PENDING,candidate,PENDING_REVIEW,reading_mcq_grade3,PSSA_MCQ_PASSAGE_SPECIFICITY:PASS;PSSA_ITEM_EC_SKILL_MATCH:PASS;PSSA_MCQ_CORRECT_IS_LONGEST:PASS;PSSA_MCQ_ABSOLUTE_LANGUAGE_DISTRACTOR:PASS;PSSA_MCQ_ANSWER_POSITION_DISTRIBUTION:PASS;PSSA_IMPORT_EC_RESOLVES:PASS;PSSA_IMPORT_NO_LEAK:PASS;PSSA_IMPORT_FAILCLOSED_DEFAULTS:PASS;PSSA_IMPORT_RESPONSE_SHAPE_VALID:PASS,eligible,,N/A
pssa_item_g3_lantern_03,MCQ,,3,E03.A-K.1.1.3,true,sha256:361d978bd197a0d2254b8972623ebed7738231b9d5fd44fb661d6200af2a8cee,PENDING,candidate,PENDING_REVIEW,reading_mcq_grade3,PSSA_MCQ_PASSAGE_SPECIFICITY:PASS;PSSA_ITEM_EC_SKILL_MATCH:PASS;PSSA_MCQ_CORRECT_IS_LONGEST:PASS;PSSA_MCQ_ABSOLUTE_LANGUAGE_DISTRACTOR:PASS;PSSA_MCQ_ANSWER_POSITION_DISTRIBUTION:PASS;PSSA_IMPORT_EC_RESOLVES:PASS;PSSA_IMPORT_NO_LEAK:PASS;PSSA_IMPORT_FAILCLOSED_DEFAULTS:PASS;PSSA_IMPORT_RESPONSE_SHAPE_VALID:PASS,eligible,,N/A
pssa_item_g3_lantern_04,MCQ,,3,E03.A-C.2.1.1,true,sha256:125ed4c4a1c729376788bb2439a565b4ad310c51b9f875d1731f82cbfc53118e,PENDING,candidate,PENDING_REVIEW,reading_mcq_grade3,PSSA_MCQ_PASSAGE_SPECIFICITY:PASS;PSSA_ITEM_EC_SKILL_MATCH:PASS;PSSA_MCQ_CORRECT_IS_LONGEST:PASS;PSSA_MCQ_ABSOLUTE_LANGUAGE_DISTRACTOR:PASS;PSSA_MCQ_ANSWER_POSITION_DISTRIBUTION:PASS;PSSA_IMPORT_EC_RESOLVES:PASS;PSSA_IMPORT_NO_LEAK:PASS;PSSA_IMPORT_FAILCLOSED_DEFAULTS:PASS;PSSA_IMPORT_RESPONSE_SHAPE_VALID:PASS,eligible,,N/A
pssa_item_g3_lantern_05,MCQ,,3,E03.A-V.4.1.1,true,sha256:c4ce31f24c3c6584ba22d4916f068b87c0fbfbe8642769b664441840665936a6,PENDING,candidate,PENDING_REVIEW,reading_mcq_grade3,PSSA_MCQ_PASSAGE_SPECIFICITY:PASS;PSSA_ITEM_EC_SKILL_MATCH:PASS;PSSA_MCQ_CORRECT_IS_LONGEST:PASS;PSSA_MCQ_ABSOLUTE_LANGUAGE_DISTRACTOR:PASS;PSSA_MCQ_ANSWER_POSITION_DISTRIBUTION:PASS;PSSA_IMPORT_EC_RESOLVES:PASS;PSSA_IMPORT_NO_LEAK:PASS;PSSA_IMPORT_FAILCLOSED_DEFAULTS:PASS;PSSA_IMPORT_RESPONSE_SHAPE_VALID:PASS,eligible,,N/A
pssa_item_g3_lantern_06,MCQ,,3,E03.A-V.4.1.2,true,sha256:3bf2d831467dc0a37148d90ac4165fcf1858e4352473a655cf7292201d1655ea,PENDING,candidate,PENDING_REVIEW,reading_mcq_grade3,PSSA_MCQ_PASSAGE_SPECIFICITY:PASS;PSSA_ITEM_EC_SKILL_MATCH:PASS;PSSA_MCQ_CORRECT_IS_LONGEST:PASS;PSSA_MCQ_ABSOLUTE_LANGUAGE_DISTRACTOR:PASS;PSSA_MCQ_ANSWER_POSITION_DISTRIBUTION:PASS;PSSA_IMPORT_EC_RESOLVES:PASS;PSSA_IMPORT_NO_LEAK:PASS;PSSA_IMPORT_FAILCLOSED_DEFAULTS:PASS;PSSA_IMPORT_RESPONSE_SHAPE_VALID:PASS,eligible,,N/A
pssa_item_g3_bell_01,MCQ,,3,E03.A-K.1.1.1,true,sha256:5cccd697b143cd1ce8c9702f21106a37339608acbd511624e5527fd4c47ffd7b,PENDING,candidate,PENDING_REVIEW,reading_mcq_grade3,PSSA_MCQ_PASSAGE_SPECIFICITY:PASS;PSSA_ITEM_EC_SKILL_MATCH:PASS;PSSA_MCQ_CORRECT_IS_LONGEST:PASS;PSSA_MCQ_ABSOLUTE_LANGUAGE_DISTRACTOR:PASS;PSSA_MCQ_ANSWER_POSITION_DISTRIBUTION:PASS;PSSA_IMPORT_EC_RESOLVES:PASS;PSSA_IMPORT_NO_LEAK:PASS;PSSA_IMPORT_FAILCLOSED_DEFAULTS:PASS;PSSA_IMPORT_RESPONSE_SHAPE_VALID:PASS,eligible,,N/A
pssa_item_g3_bell_02,MCQ,,3,E03.A-K.1.1.2,true,sha256:e4d55eb796804b85f4b71e4d433102a47e2b1a553ba741b1bc597bd03c72d378,PENDING,candidate,PENDING_REVIEW,reading_mcq_grade3,PSSA_MCQ_PASSAGE_SPECIFICITY:PASS;PSSA_ITEM_EC_SKILL_MATCH:PASS;PSSA_MCQ_CORRECT_IS_LONGEST:PASS;PSSA_MCQ_ABSOLUTE_LANGUAGE_DISTRACTOR:PASS;PSSA_MCQ_ANSWER_POSITION_DISTRIBUTION:PASS;PSSA_IMPORT_EC_RESOLVES:PASS;PSSA_IMPORT_NO_LEAK:PASS;PSSA_IMPORT_FAILCLOSED_DEFAULTS:PASS;PSSA_IMPORT_RESPONSE_SHAPE_VALID:PASS,eligible,,N/A
pssa_item_g3_bell_03,MCQ,,3,E03.A-K.1.1.3,true,sha256:fc5f97eab40fd337b27c260d771c6fed0c62e3f2d66b8cdff56311c25881911a,PENDING,candidate,PENDING_REVIEW,reading_mcq_grade3,PSSA_MCQ_PASSAGE_SPECIFICITY:PASS;PSSA_ITEM_EC_SKILL_MATCH:PASS;PSSA_MCQ_CORRECT_IS_LONGEST:PASS;PSSA_MCQ_ABSOLUTE_LANGUAGE_DISTRACTOR:PASS;PSSA_MCQ_ANSWER_POSITION_DISTRIBUTION:PASS;PSSA_IMPORT_EC_RESOLVES:PASS;PSSA_IMPORT_NO_LEAK:PASS;PSSA_IMPORT_FAILCLOSED_DEFAULTS:PASS;PSSA_IMPORT_RESPONSE_SHAPE_VALID:PASS,eligible,,N/A
pssa_item_g3_bell_04,MCQ,,3,E03.A-C.2.1.1,true,sha256:fce492739823239afdc81ccf6702e1e7a8783cf097008bf480f888071658c90e,PENDING,candidate,PENDING_REVIEW,reading_mcq_grade3,PSSA_MCQ_PASSAGE_SPECIFICITY:PASS;PSSA_ITEM_EC_SKILL_MATCH:PASS;PSSA_MCQ_CORRECT_IS_LONGEST:PASS;PSSA_MCQ_ABSOLUTE_LANGUAGE_DISTRACTOR:PASS;PSSA_MCQ_ANSWER_POSITION_DISTRIBUTION:PASS;PSSA_IMPORT_EC_RESOLVES:PASS;PSSA_IMPORT_NO_LEAK:PASS;PSSA_IMPORT_FAILCLOSED_DEFAULTS:PASS;PSSA_IMPORT_RESPONSE_SHAPE_VALID:PASS,eligible,,N/A
pssa_item_g3_bell_05,MCQ,,3,E03.A-V.4.1.1,true,sha256:4c2cc9a53ee626cc77dfdcf42edd996699fbb148ba507cd56bd0a10960479424,PENDING,candidate,PENDING_REVIEW,reading_mcq_grade3,PSSA_MCQ_PASSAGE_SPECIFICITY:PASS;PSSA_ITEM_EC_SKILL_MATCH:PASS;PSSA_MCQ_CORRECT_IS_LONGEST:PASS;PSSA_MCQ_ABSOLUTE_LANGUAGE_DISTRACTOR:PASS;PSSA_MCQ_ANSWER_POSITION_DISTRIBUTION:PASS;PSSA_IMPORT_EC_RESOLVES:PASS;PSSA_IMPORT_NO_LEAK:PASS;PSSA_IMPORT_FAILCLOSED_DEFAULTS:PASS;PSSA_IMPORT_RESPONSE_SHAPE_VALID:PASS,eligible,,N/A
pssa_item_g3_bell_06,MCQ,,3,E03.A-V.4.1.2,true,sha256:6e0a084845297325a12dfe994b5d186634b7952639bd62dbeaf4201b6171570b,PENDING,candidate,PENDING_REVIEW,reading_mcq_grade3,PSSA_MCQ_PASSAGE_SPECIFICITY:PASS;PSSA_ITEM_EC_SKILL_MATCH:PASS;PSSA_MCQ_CORRECT_IS_LONGEST:PASS;PSSA_MCQ_ABSOLUTE_LANGUAGE_DISTRACTOR:PASS;PSSA_MCQ_ANSWER_POSITION_DISTRIBUTION:PASS;PSSA_IMPORT_EC_RESOLVES:PASS;PSSA_IMPORT_NO_LEAK:PASS;PSSA_IMPORT_FAILCLOSED_DEFAULTS:PASS;PSSA_IMPORT_RESPONSE_SHAPE_VALID:PASS,eligible,,N/A
pssa_ebsr_g3_creek_01,EBSR,two_point,3,E03.B-K.1.1.2,true,sha256:095c34d5d858406c94e56d2a6eadc7d658861a469c6f8f8909e7014b4300735b,PENDING,candidate,PENDING_REVIEW,ebsr_grade3,PSSA_EBSR_FAMILY_AND_BATCH:PASS;PSSA_IMPORT_EC_RESOLVES:PASS;PSSA_IMPORT_NO_LEAK:PASS;PSSA_IMPORT_FAILCLOSED_DEFAULTS:PASS;PSSA_IMPORT_RESPONSE_SHAPE_VALID:PASS,eligible,,N/A
pssa_ebsr_g3_map_01,EBSR,two_point,3,E03.B-K.1.1.2,true,sha256:f6907047ae00de02ab610ed7334afd066adc333c2179a0747e9730e16d37af4e,PENDING,candidate,PENDING_REVIEW,ebsr_grade3,PSSA_EBSR_FAMILY_AND_BATCH:PASS;PSSA_IMPORT_EC_RESOLVES:PASS;PSSA_IMPORT_NO_LEAK:PASS;PSSA_IMPORT_FAILCLOSED_DEFAULTS:PASS;PSSA_IMPORT_RESPONSE_SHAPE_VALID:PASS,eligible,,N/A
pssa_ebsr_g3_lunch_01,EBSR,two_point,3,E03.B-K.1.1.3,true,sha256:e3a825840495667ce4dd1627a0fa362e463f03ac5281da64f01720e36758ccca,PENDING,candidate,PENDING_REVIEW,ebsr_grade3,PSSA_EBSR_FAMILY_AND_BATCH:PASS;PSSA_IMPORT_EC_RESOLVES:PASS;PSSA_IMPORT_NO_LEAK:PASS;PSSA_IMPORT_FAILCLOSED_DEFAULTS:PASS;PSSA_IMPORT_RESPONSE_SHAPE_VALID:PASS,eligible,,N/A
pssa_ebsr_g3_mural_01,EBSR,two_point,3,E03.A-K.1.1.2,true,sha256:1f2d029e1f9ad5fb0263bb265dda7c87aaf85d808abd7daddc457ce1ad943f5b,PENDING,candidate,PENDING_REVIEW,ebsr_grade3,PSSA_EBSR_FAMILY_AND_BATCH:PASS;PSSA_IMPORT_EC_RESOLVES:PASS;PSSA_IMPORT_NO_LEAK:PASS;PSSA_IMPORT_FAILCLOSED_DEFAULTS:PASS;PSSA_IMPORT_RESPONSE_SHAPE_VALID:PASS,eligible,,N/A
pssa_ebsr_g3_cart_01,EBSR,two_point,3,E03.B-K.1.1.3,true,sha256:dc0615f301526e1facedded9d16816443cf5cd68ca24420f732ef6765f240125,PENDING,candidate,PENDING_REVIEW,ebsr_grade3,PSSA_EBSR_FAMILY_AND_BATCH:PASS;PSSA_IMPORT_EC_RESOLVES:PASS;PSSA_IMPORT_NO_LEAK:PASS;PSSA_IMPORT_FAILCLOSED_DEFAULTS:PASS;PSSA_IMPORT_RESPONSE_SHAPE_VALID:PASS,eligible,,N/A
pssa_ebsr_g3_lantern_01,EBSR,two_point,3,E03.A-K.1.1.2,true,sha256:5d0f2e499f0c22a7e80e03174fd3dce1f16383c11f444f8ecd60d3da68d59d0a,PENDING,candidate,PENDING_REVIEW,ebsr_grade3,PSSA_EBSR_FAMILY_AND_BATCH:PASS;PSSA_IMPORT_EC_RESOLVES:PASS;PSSA_IMPORT_NO_LEAK:PASS;PSSA_IMPORT_FAILCLOSED_DEFAULTS:PASS;PSSA_IMPORT_RESPONSE_SHAPE_VALID:PASS,eligible,,N/A
pssa_ebsr_g3_bell_01,EBSR,two_point,3,E03.A-K.1.1.2,true,sha256:cd00bc6deceb7c79c927ec24d9a59d23d93289efa3ec8f3eb63076b7716c4f27,PENDING,candidate,PENDING_REVIEW,ebsr_grade3,PSSA_EBSR_FAMILY_AND_BATCH:PASS;PSSA_IMPORT_EC_RESOLVES:PASS;PSSA_IMPORT_NO_LEAK:PASS;PSSA_IMPORT_FAILCLOSED_DEFAULTS:PASS;PSSA_IMPORT_RESPONSE_SHAPE_VALID:PASS,eligible,,N/A
pssa_ms_g3_creek_01,MULTI_SELECT,choose_n_details,3,E03.B-K.1.1.2,true,sha256:b04629a06694f9a9f57b1a17966bbd59b9b6b8eb1623be5093de08820d446c9f,PENDING,candidate,PENDING_REVIEW,multi_select_grade3,PSSA_MULTI_SELECT_FAMILY_AND_BATCH:PASS;PSSA_IMPORT_EC_RESOLVES:PASS;PSSA_IMPORT_NO_LEAK:PASS;PSSA_IMPORT_FAILCLOSED_DEFAULTS:PASS;PSSA_IMPORT_RESPONSE_SHAPE_VALID:PASS,eligible,,N/A
pssa_ms_g3_map_01,MULTI_SELECT,choose_n_evidence,3,E03.B-K.1.1.2,true,sha256:c32c9f69a92adfcc35317a3b1859f4019bc383af233e03c5a7e7e47afacb2b7e,PENDING,candidate,PENDING_REVIEW,multi_select_grade3,PSSA_MULTI_SELECT_FAMILY_AND_BATCH:PASS;PSSA_IMPORT_EC_RESOLVES:PASS;PSSA_IMPORT_NO_LEAK:PASS;PSSA_IMPORT_FAILCLOSED_DEFAULTS:PASS;PSSA_IMPORT_RESPONSE_SHAPE_VALID:PASS,eligible,,N/A
pssa_ms_g3_lunch_01,MULTI_SELECT,choose_n_details,3,E03.B-K.1.1.3,true,sha256:d9ed77a4331dc7a483f5681e4fb2101052450767c54ef9fb51c2d193176615df,PENDING,candidate,PENDING_REVIEW,multi_select_grade3,PSSA_MULTI_SELECT_FAMILY_AND_BATCH:PASS;PSSA_IMPORT_EC_RESOLVES:PASS;PSSA_IMPORT_NO_LEAK:PASS;PSSA_IMPORT_FAILCLOSED_DEFAULTS:PASS;PSSA_IMPORT_RESPONSE_SHAPE_VALID:PASS,eligible,,N/A
pssa_ms_g3_mural_01,MULTI_SELECT,choose_n_evidence,3,E03.A-K.1.1.2,true,sha256:87617d8b226b2465c83660013a2f661c3272753e61dd7e0d6cdc11e190acab8c,PENDING,candidate,PENDING_REVIEW,multi_select_grade3,PSSA_MULTI_SELECT_FAMILY_AND_BATCH:PASS;PSSA_IMPORT_EC_RESOLVES:PASS;PSSA_IMPORT_NO_LEAK:PASS;PSSA_IMPORT_FAILCLOSED_DEFAULTS:PASS;PSSA_IMPORT_RESPONSE_SHAPE_VALID:PASS,eligible,,N/A
pssa_ms_g3_cart_01,MULTI_SELECT,choose_n_details,3,E03.B-K.1.1.3,true,sha256:fc76f1d26c8ba1f72001b512fc29a76ca060f058c7f1ef42c3c9a177909bbce5,PENDING,candidate,PENDING_REVIEW,multi_select_grade3,PSSA_MULTI_SELECT_FAMILY_AND_BATCH:PASS;PSSA_IMPORT_EC_RESOLVES:PASS;PSSA_IMPORT_NO_LEAK:PASS;PSSA_IMPORT_FAILCLOSED_DEFAULTS:PASS;PSSA_IMPORT_RESPONSE_SHAPE_VALID:PASS,eligible,,N/A
pssa_ms_g3_lantern_01,MULTI_SELECT,choose_n_details,3,E03.A-K.1.1.2,true,sha256:c41107337f8d456059aabce2a2acb71bef6fd8bec9ffa23fbda3a7f8096a6642,PENDING,candidate,PENDING_REVIEW,multi_select_grade3,PSSA_MULTI_SELECT_FAMILY_AND_BATCH:PASS;PSSA_IMPORT_EC_RESOLVES:PASS;PSSA_IMPORT_NO_LEAK:PASS;PSSA_IMPORT_FAILCLOSED_DEFAULTS:PASS;PSSA_IMPORT_RESPONSE_SHAPE_VALID:PASS,eligible,,N/A
pssa_ms_g3_bell_01,MULTI_SELECT,choose_n_details,3,E03.A-K.1.1.2,true,sha256:df7425b7461503e7e83b8993d5d2503dbb65fdde3ea987be84192a8339e0c67a,PENDING,candidate,PENDING_REVIEW,multi_select_grade3,PSSA_MULTI_SELECT_FAMILY_AND_BATCH:PASS;PSSA_IMPORT_EC_RESOLVES:PASS;PSSA_IMPORT_NO_LEAK:PASS;PSSA_IMPORT_FAILCLOSED_DEFAULTS:PASS;PSSA_IMPORT_RESPONSE_SHAPE_VALID:PASS,eligible,,N/A
pssa_ht_g3_creek_01,HOT_TEXT,sentence_select,3,E03.B-K.1.1.2,true,sha256:c990f18eaae449f8d8beea1e9c0acb4a14539829b893c4d9d97c026a7d36187c,PENDING,candidate,PENDING_REVIEW,hot_text_grade3,PSSA_HOT_TEXT_FAMILY_AND_BATCH:PASS;PSSA_IMPORT_EC_RESOLVES:PASS;PSSA_IMPORT_NO_LEAK:PASS;PSSA_IMPORT_FAILCLOSED_DEFAULTS:PASS;PSSA_IMPORT_RESPONSE_SHAPE_VALID:PASS,eligible,,N/A
pssa_ht_g3_map_01,HOT_TEXT,sentence_select,3,E03.B-K.1.1.2,true,sha256:90352b6552b94172ed919c8bc2304a8d540e29016d92e77daf0c5b41d85e2df3,PENDING,candidate,PENDING_REVIEW,hot_text_grade3,PSSA_HOT_TEXT_FAMILY_AND_BATCH:PASS;PSSA_IMPORT_EC_RESOLVES:PASS;PSSA_IMPORT_NO_LEAK:PASS;PSSA_IMPORT_FAILCLOSED_DEFAULTS:PASS;PSSA_IMPORT_RESPONSE_SHAPE_VALID:PASS,eligible,,N/A
pssa_ht_g3_lunch_01,HOT_TEXT,sentence_select,3,E03.B-K.1.1.3,true,sha256:d90d1304f64e671bc2f9b8ee55aa92bcae6d3004e71cdd828eb6938268825934,PENDING,candidate,PENDING_REVIEW,hot_text_grade3,PSSA_HOT_TEXT_FAMILY_AND_BATCH:PASS;PSSA_IMPORT_EC_RESOLVES:PASS;PSSA_IMPORT_NO_LEAK:PASS;PSSA_IMPORT_FAILCLOSED_DEFAULTS:PASS;PSSA_IMPORT_RESPONSE_SHAPE_VALID:PASS,eligible,,N/A
pssa_ht_g3_mural_01,HOT_TEXT,sentence_select,3,E03.A-K.1.1.2,true,sha256:2982902887780d5a676a15e2620946d680b97a8fdb2a6689c76fd55a5de0f1cf,PENDING,candidate,PENDING_REVIEW,hot_text_grade3,PSSA_HOT_TEXT_FAMILY_AND_BATCH:PASS;PSSA_IMPORT_EC_RESOLVES:PASS;PSSA_IMPORT_NO_LEAK:PASS;PSSA_IMPORT_FAILCLOSED_DEFAULTS:PASS;PSSA_IMPORT_RESPONSE_SHAPE_VALID:PASS,eligible,,N/A
pssa_ht_g3_cart_01,HOT_TEXT,sentence_select,3,E03.B-K.1.1.3,true,sha256:76d2ab6e66025c1d9b18d5407f27d8feb5f8924847d19464dfcdd345ca85e8db,PENDING,candidate,PENDING_REVIEW,hot_text_grade3,PSSA_HOT_TEXT_FAMILY_AND_BATCH:PASS;PSSA_IMPORT_EC_RESOLVES:PASS;PSSA_IMPORT_NO_LEAK:PASS;PSSA_IMPORT_FAILCLOSED_DEFAULTS:PASS;PSSA_IMPORT_RESPONSE_SHAPE_VALID:PASS,eligible,,N/A
pssa_ht_g3_lantern_01,HOT_TEXT,sentence_select,3,E03.A-K.1.1.2,true,sha256:68e54473366c3cd9e213bafd8dd0d25e4227c7a6b59f225b68f3e36d9b043769,PENDING,candidate,PENDING_REVIEW,hot_text_grade3,PSSA_HOT_TEXT_FAMILY_AND_BATCH:PASS;PSSA_IMPORT_EC_RESOLVES:PASS;PSSA_IMPORT_NO_LEAK:PASS;PSSA_IMPORT_FAILCLOSED_DEFAULTS:PASS;PSSA_IMPORT_RESPONSE_SHAPE_VALID:PASS,eligible,,N/A
pssa_ht_g3_bell_01,HOT_TEXT,sentence_select,3,E03.A-K.1.1.2,true,sha256:1889ab1a10d051c438d983561e0792caa4a7eff0da39d833c491420cf1b60c56,PENDING,candidate,PENDING_REVIEW,hot_text_grade3,PSSA_HOT_TEXT_FAMILY_AND_BATCH:PASS;PSSA_IMPORT_EC_RESOLVES:PASS;PSSA_IMPORT_NO_LEAK:PASS;PSSA_IMPORT_FAILCLOSED_DEFAULTS:PASS;PSSA_IMPORT_RESPONSE_SHAPE_VALID:PASS,eligible,,N/A
pssa_mg_g3_creek_01,MATCHING_GRID,within_text_category,3,E03.B-K.1.1.2,true,sha256:fc99bbcdefebc8f3e9cdcce67ffbe24db290c32daaf0f7c8fa59691f6866a46e,PENDING,candidate,PENDING_REVIEW,matching_grid_grade3,PSSA_MATCHING_GRID_FAMILY_AND_BATCH:PASS;PSSA_IMPORT_EC_RESOLVES:PASS;PSSA_IMPORT_NO_LEAK:PASS;PSSA_IMPORT_FAILCLOSED_DEFAULTS:PASS;PSSA_IMPORT_RESPONSE_SHAPE_VALID:PASS,eligible,,N/A
pssa_mg_g3_map_01,MATCHING_GRID,within_text_category,3,E03.B-K.1.1.2,true,sha256:773f40fb289b4f98ac646923ce33e42f51f21d7f143d8c1bf41bb36b0a7a4ce4,PENDING,candidate,PENDING_REVIEW,matching_grid_grade3,PSSA_MATCHING_GRID_FAMILY_AND_BATCH:PASS;PSSA_IMPORT_EC_RESOLVES:PASS;PSSA_IMPORT_NO_LEAK:PASS;PSSA_IMPORT_FAILCLOSED_DEFAULTS:PASS;PSSA_IMPORT_RESPONSE_SHAPE_VALID:PASS,eligible,,N/A
pssa_mg_g3_lunch_01,MATCHING_GRID,sequence_category,3,E03.B-K.1.1.3,true,sha256:8f06bc0808a20ecd522bf8049d03df1b38ae8ec6ff44605b4219cd34f20c8100,PENDING,candidate,PENDING_REVIEW,matching_grid_grade3,PSSA_MATCHING_GRID_FAMILY_AND_BATCH:PASS;PSSA_IMPORT_EC_RESOLVES:PASS;PSSA_IMPORT_NO_LEAK:PASS;PSSA_IMPORT_FAILCLOSED_DEFAULTS:PASS;PSSA_IMPORT_RESPONSE_SHAPE_VALID:PASS,eligible,,N/A
pssa_mg_g3_mural_01,MATCHING_GRID,within_text_category,3,E03.A-K.1.1.2,true,sha256:0b1772d420a25cdf086a5c786080f9f7dc39f14ac5cf33eec6e0f6baa3ed14df,PENDING,candidate,PENDING_REVIEW,matching_grid_grade3,PSSA_MATCHING_GRID_FAMILY_AND_BATCH:PASS;PSSA_IMPORT_EC_RESOLVES:PASS;PSSA_IMPORT_NO_LEAK:PASS;PSSA_IMPORT_FAILCLOSED_DEFAULTS:PASS;PSSA_IMPORT_RESPONSE_SHAPE_VALID:PASS,eligible,,N/A
pssa_mg_g3_cart_01,MATCHING_GRID,sequence_category,3,E03.B-K.1.1.3,true,sha256:13b6ce80452427bf635487cfdee34a6a026eaa110a3ec2a039486bad5527567c,PENDING,candidate,PENDING_REVIEW,matching_grid_grade3,PSSA_MATCHING_GRID_FAMILY_AND_BATCH:PASS;PSSA_IMPORT_EC_RESOLVES:PASS;PSSA_IMPORT_NO_LEAK:PASS;PSSA_IMPORT_FAILCLOSED_DEFAULTS:PASS;PSSA_IMPORT_RESPONSE_SHAPE_VALID:PASS,eligible,,N/A
pssa_mg_g3_lantern_01,MATCHING_GRID,within_text_category,3,E03.A-K.1.1.2,true,sha256:a1a12c651902091099d0a0f1a6f4b235fce1629b7ca55783ec265c092c1f73d5,PENDING,candidate,PENDING_REVIEW,matching_grid_grade3,PSSA_MATCHING_GRID_FAMILY_AND_BATCH:PASS;PSSA_IMPORT_EC_RESOLVES:PASS;PSSA_IMPORT_NO_LEAK:PASS;PSSA_IMPORT_FAILCLOSED_DEFAULTS:PASS;PSSA_IMPORT_RESPONSE_SHAPE_VALID:PASS,eligible,,N/A
pssa_mg_g3_bell_01,MATCHING_GRID,within_text_category,3,E03.A-K.1.1.2,true,sha256:38ace888856cc5d3a2b08c51dfd96137626602bf0bb6ca05c3b7f45196a4e0ac,PENDING,candidate,PENDING_REVIEW,matching_grid_grade3,PSSA_MATCHING_GRID_FAMILY_AND_BATCH:PASS;PSSA_IMPORT_EC_RESOLVES:PASS;PSSA_IMPORT_NO_LEAK:PASS;PSSA_IMPORT_FAILCLOSED_DEFAULTS:PASS;PSSA_IMPORT_RESPONSE_SHAPE_VALID:PASS,eligible,,N/A
pssa_dd_g3_creek_01,DRAG_DROP,order,3,E03.B-K.1.1.3,true,sha256:2c0fe88774b10b3171b39bf1590a3ad4face205f97059b6ceaa152b520671a83,PENDING,candidate,PENDING_REVIEW,drag_drop_grade3,PSSA_DRAG_DROP_FAMILY_AND_BATCH:PASS;PSSA_IMPORT_EC_RESOLVES:PASS;PSSA_IMPORT_NO_LEAK:PASS;PSSA_IMPORT_FAILCLOSED_DEFAULTS:PASS;PSSA_IMPORT_RESPONSE_SHAPE_VALID:PASS,eligible,,N/A
pssa_dd_g3_map_01,DRAG_DROP,category_chart,3,E03.B-K.1.1.2,true,sha256:84d2961b3193696e4e7a4e66a44dd5c40a0b1684104d6b1546dc1fec41f3e364,PENDING,candidate,PENDING_REVIEW,drag_drop_grade3,PSSA_DRAG_DROP_FAMILY_AND_BATCH:PASS;PSSA_IMPORT_EC_RESOLVES:PASS;PSSA_IMPORT_NO_LEAK:PASS;PSSA_IMPORT_FAILCLOSED_DEFAULTS:PASS;PSSA_IMPORT_RESPONSE_SHAPE_VALID:PASS,eligible,,N/A
pssa_dd_g3_lunch_01,DRAG_DROP,order,3,E03.B-K.1.1.3,true,sha256:aea63919cae94280b19b2548b7f51db40154355be4d2d74a9fb6e8cb63249319,PENDING,candidate,PENDING_REVIEW,drag_drop_grade3,PSSA_DRAG_DROP_FAMILY_AND_BATCH:PASS;PSSA_IMPORT_EC_RESOLVES:PASS;PSSA_IMPORT_NO_LEAK:PASS;PSSA_IMPORT_FAILCLOSED_DEFAULTS:PASS;PSSA_IMPORT_RESPONSE_SHAPE_VALID:PASS,eligible,,N/A
pssa_dd_g3_mural_01,DRAG_DROP,category_chart,3,E03.A-K.1.1.2,true,sha256:33d193fc76a3ae67d14377dd9ff5a1f14ab02cbeae534f5e16fc96d578e3113f,PENDING,candidate,PENDING_REVIEW,drag_drop_grade3,PSSA_DRAG_DROP_FAMILY_AND_BATCH:PASS;PSSA_IMPORT_EC_RESOLVES:PASS;PSSA_IMPORT_NO_LEAK:PASS;PSSA_IMPORT_FAILCLOSED_DEFAULTS:PASS;PSSA_IMPORT_RESPONSE_SHAPE_VALID:PASS,eligible,,N/A
pssa_dd_g3_cart_01,DRAG_DROP,order,3,E03.B-K.1.1.3,true,sha256:d0ac3d3cb45ce6fe2bbb093bbcacf086846fd1d4a2fe9783c53e2a605c6aeae0,PENDING,candidate,PENDING_REVIEW,drag_drop_grade3,PSSA_DRAG_DROP_FAMILY_AND_BATCH:PASS;PSSA_IMPORT_EC_RESOLVES:PASS;PSSA_IMPORT_NO_LEAK:PASS;PSSA_IMPORT_FAILCLOSED_DEFAULTS:PASS;PSSA_IMPORT_RESPONSE_SHAPE_VALID:PASS,eligible,,N/A
pssa_dd_g3_lantern_01,DRAG_DROP,order,3,E03.A-K.1.1.2,true,sha256:020e754444f8e6802f567d31cd6cddf536c6faa6f6b210da471fd95340755d84,PENDING,candidate,PENDING_REVIEW,drag_drop_grade3,PSSA_DRAG_DROP_FAMILY_AND_BATCH:PASS;PSSA_IMPORT_EC_RESOLVES:PASS;PSSA_IMPORT_NO_LEAK:PASS;PSSA_IMPORT_FAILCLOSED_DEFAULTS:PASS;PSSA_IMPORT_RESPONSE_SHAPE_VALID:PASS,eligible,,N/A
pssa_dd_g3_bell_01,DRAG_DROP,order,3,E03.A-K.1.1.2,true,sha256:e8e84b08765aece8fffbfe98f2cfc89ab3578718d57e407a4cc245cafbc68c9b,PENDING,candidate,PENDING_REVIEW,drag_drop_grade3,PSSA_DRAG_DROP_FAMILY_AND_BATCH:PASS;PSSA_IMPORT_EC_RESOLVES:PASS;PSSA_IMPORT_NO_LEAK:PASS;PSSA_IMPORT_FAILCLOSED_DEFAULTS:PASS;PSSA_IMPORT_RESPONSE_SHAPE_VALID:PASS,eligible,,N/A
pssa_conv_g3_dropdown_plural_01,INLINE_DROPDOWN,single_blank,3,E03.D.1.1.2,true,sha256:b96f186ae7356b1b92205a437c861d22484384f5887fca24736477a7f843cd05,PENDING,candidate,PENDING_REVIEW,conventions_grade3,PSSA_CONVENTIONS_FAMILY_AND_BATCH:PASS;PSSA_IMPORT_EC_RESOLVES:PASS;PSSA_IMPORT_NO_LEAK:PASS;PSSA_IMPORT_FAILCLOSED_DEFAULTS:PASS;PSSA_IMPORT_RESPONSE_SHAPE_VALID:PASS,eligible,,N/A
pssa_conv_g3_dropdown_verbtense_01,INLINE_DROPDOWN,grammar_usage,3,E03.D.1.1.5,true,sha256:3779e49d0b3b7dd4413af4fa5305b8a8eaa90eda95605fba03039a35d1e5a497,PENDING,candidate,PENDING_REVIEW,conventions_grade3,PSSA_CONVENTIONS_FAMILY_AND_BATCH:PASS;PSSA_IMPORT_EC_RESOLVES:PASS;PSSA_IMPORT_NO_LEAK:PASS;PSSA_IMPORT_FAILCLOSED_DEFAULTS:PASS;PSSA_IMPORT_RESPONSE_SHAPE_VALID:PASS,eligible,,N/A
pssa_conv_g3_dropdown_compare_01,INLINE_DROPDOWN,grammar_usage,3,E03.D.1.1.7,true,sha256:7b2a1a8b6d1f9c9c3d2180629ce50bdcac731d3501ada1604e54c5ffd581efc4,PENDING,candidate,PENDING_REVIEW,conventions_grade3,PSSA_CONVENTIONS_FAMILY_AND_BATCH:PASS;PSSA_IMPORT_EC_RESOLVES:PASS;PSSA_IMPORT_NO_LEAK:PASS;PSSA_IMPORT_FAILCLOSED_DEFAULTS:PASS;PSSA_IMPORT_RESPONSE_SHAPE_VALID:PASS,eligible,,N/A
pssa_conv_g3_dropdown_titles_01,INLINE_DROPDOWN,punctuation_capitalization,3,E03.D.1.2.1,true,sha256:a386a422cf4d6dbe2124478d0ec36b3f3d53fbb315e566ae802e059fa4cf6eb6,PENDING,candidate,PENDING_REVIEW,conventions_grade3,PSSA_CONVENTIONS_FAMILY_AND_BATCH:PASS;PSSA_IMPORT_EC_RESOLVES:PASS;PSSA_IMPORT_NO_LEAK:PASS;PSSA_IMPORT_FAILCLOSED_DEFAULTS:PASS;PSSA_IMPORT_RESPONSE_SHAPE_VALID:PASS,eligible,,N/A
pssa_conv_g3_hottext_spelling_01,HOT_TEXT,word_select,3,E03.D.1.2.5,true,sha256:580dbd7fc3a41601d32d6e540a3010d9113de8864ce836a938e318d62a84adb3,PENDING,candidate,PENDING_REVIEW,conventions_grade3,PSSA_CONVENTIONS_FAMILY_AND_BATCH:PASS;PSSA_IMPORT_EC_RESOLVES:PASS;PSSA_IMPORT_NO_LEAK:PASS;PSSA_IMPORT_FAILCLOSED_DEFAULTS:PASS;PSSA_IMPORT_RESPONSE_SHAPE_VALID:PASS,eligible,,N/A
pssa_conv_g3_hottext_function_01,HOT_TEXT,word_select,3,E03.D.1.1.1,true,sha256:61f0f9c09d35b62202b1575bf7b343b01f240e7d96715e7bc40911c16add87bd,PENDING,candidate,PENDING_REVIEW,conventions_grade3,PSSA_CONVENTIONS_FAMILY_AND_BATCH:PASS;PSSA_IMPORT_EC_RESOLVES:PASS;PSSA_IMPORT_NO_LEAK:PASS;PSSA_IMPORT_FAILCLOSED_DEFAULTS:PASS;PSSA_IMPORT_RESPONSE_SHAPE_VALID:PASS,eligible,,N/A
pssa_conv_g3_drag_address_01,DRAG_DROP,token_placement,3,E03.D.1.2.2,true,sha256:0f412822e818f5e4e36726b8e5ed614262e4a809e0c5c2f0679017862cb42452,PENDING,candidate,PENDING_REVIEW,conventions_grade3,PSSA_CONVENTIONS_FAMILY_AND_BATCH:PASS;PSSA_IMPORT_EC_RESOLVES:PASS;PSSA_IMPORT_NO_LEAK:PASS;PSSA_IMPORT_FAILCLOSED_DEFAULTS:PASS;PSSA_IMPORT_RESPONSE_SHAPE_VALID:PASS,eligible,,N/A
pssa_conv_g3_drag_dialogue_01,DRAG_DROP,token_placement,3,E03.D.1.2.3,true,sha256:604f6ea0ba9efc69bbca441daf8a3ba33b341bc1a7fe8512fa00309ba506f45d,PENDING,candidate,PENDING_REVIEW,conventions_grade3,PSSA_CONVENTIONS_FAMILY_AND_BATCH:PASS;PSSA_IMPORT_EC_RESOLVES:PASS;PSSA_IMPORT_NO_LEAK:PASS;PSSA_IMPORT_FAILCLOSED_DEFAULTS:PASS;PSSA_IMPORT_RESPONSE_SHAPE_VALID:PASS,eligible,,N/A
pssa_conv_g3_mcq_agreement_01,MCQ,standalone_conventions,3,E03.D.1.1.6,true,sha256:1db67462de3d203ca0fa3e29487ce696fd343d4b7b384e5e22cbb5b671b4e1b9,PENDING,candidate,PENDING_REVIEW,conventions_grade3,PSSA_CONVENTIONS_FAMILY_AND_BATCH:PASS;PSSA_IMPORT_EC_RESOLVES:PASS;PSSA_IMPORT_NO_LEAK:PASS;PSSA_IMPORT_FAILCLOSED_DEFAULTS:PASS;PSSA_IMPORT_RESPONSE_SHAPE_VALID:PASS,eligible,,N/A
pssa_sa_g3_creek_main_idea_01,SHORT_ANSWER,text_supported_short_answer,3,E03.B-K.1.1.2,true,sha256:f8aafc9cf82a2957c3f2d33760bacaf3c7abaefddd4ac5c4132fa4be7a5814d2,PENDING,candidate,PENDING_REVIEW,short_answer_grade3_pool,PSSA_SHORT_ANSWER_FAMILY:PASS;PSSA_IMPORT_EC_RESOLVES:PASS;PSSA_IMPORT_NO_LEAK:PASS;PSSA_IMPORT_FAILCLOSED_DEFAULTS:PASS;PSSA_IMPORT_RESPONSE_SHAPE_VALID:PASS,eligible,,N/A
pssa_sa_g3_map_evidence_01,SHORT_ANSWER,text_supported_short_answer,3,E03.B-C.3.1.3,true,sha256:6716b88123b36e5b3b4372b61c9872d529b573a2dec2545481fb5455906780a9,PENDING,candidate,PENDING_REVIEW,short_answer_grade3_pool,PSSA_SHORT_ANSWER_FAMILY:PASS;PSSA_IMPORT_EC_RESOLVES:PASS;PSSA_IMPORT_NO_LEAK:PASS;PSSA_IMPORT_FAILCLOSED_DEFAULTS:PASS;PSSA_IMPORT_RESPONSE_SHAPE_VALID:PASS,eligible,,N/A
pssa_sa_g3_lunch_sequence_01,SHORT_ANSWER,text_supported_short_answer,3,E03.B-K.1.1.3,true,sha256:39cd428a657f00fbc5df6e35f8fba3b742cadf7c8ca7b69a099bfe45930e5654,PENDING,candidate,PENDING_REVIEW,short_answer_grade3_pool,PSSA_SHORT_ANSWER_FAMILY:PASS;PSSA_IMPORT_EC_RESOLVES:PASS;PSSA_IMPORT_NO_LEAK:PASS;PSSA_IMPORT_FAILCLOSED_DEFAULTS:PASS;PSSA_IMPORT_RESPONSE_SHAPE_VALID:PASS,eligible,,N/A
pssa_sa_g3_mural_character_01,SHORT_ANSWER,text_supported_short_answer,3,E03.A-K.1.1.3,true,sha256:578057900cbee916650e1877d1dc53cc4bad0ae952c803e82d962dd28c345b7f,PENDING,candidate,PENDING_REVIEW,short_answer_grade3_pool,PSSA_SHORT_ANSWER_FAMILY:PASS;PSSA_IMPORT_EC_RESOLVES:PASS;PSSA_IMPORT_NO_LEAK:PASS;PSSA_IMPORT_FAILCLOSED_DEFAULTS:PASS;PSSA_IMPORT_RESPONSE_SHAPE_VALID:PASS,eligible,,N/A
pssa_sa_g3_cart_connection_01,SHORT_ANSWER,text_supported_short_answer,3,E03.B-C.3.1.1,true,sha256:b8b8b551acbac9494053a08954790d004dd4a9038c74a3fc1848e261bc0de252,PENDING,candidate,PENDING_REVIEW,short_answer_grade3_pool,PSSA_SHORT_ANSWER_FAMILY:PASS;PSSA_IMPORT_EC_RESOLVES:PASS;PSSA_IMPORT_NO_LEAK:PASS;PSSA_IMPORT_FAILCLOSED_DEFAULTS:PASS;PSSA_IMPORT_RESPONSE_SHAPE_VALID:PASS,eligible,,N/A
pssa_sa_g3_lantern_message_01,SHORT_ANSWER,text_supported_short_answer,3,E03.A-K.1.1.3,true,sha256:bcb5ba75771bde7da0cc41ca705053add3720ddb8e9fac25407bd2b089f2a26c,PENDING,candidate,PENDING_REVIEW,short_answer_grade3_pool,PSSA_SHORT_ANSWER_FAMILY:PASS;PSSA_IMPORT_EC_RESOLVES:PASS;PSSA_IMPORT_NO_LEAK:PASS;PSSA_IMPORT_FAILCLOSED_DEFAULTS:PASS;PSSA_IMPORT_RESPONSE_SHAPE_VALID:PASS,eligible,,N/A
pssa_sa_g3_bell_character_01,SHORT_ANSWER,text_supported_short_answer,3,E03.A-K.1.1.3,true,sha256:6aa6d8cc04632215b44eb790d652435f672f6f23df77af149432d2ba86658564,PENDING,candidate,PENDING_REVIEW,short_answer_grade3_pool,PSSA_SHORT_ANSWER_FAMILY:PASS;PSSA_IMPORT_EC_RESOLVES:PASS;PSSA_IMPORT_NO_LEAK:PASS;PSSA_IMPORT_FAILCLOSED_DEFAULTS:PASS;PSSA_IMPORT_RESPONSE_SHAPE_VALID:PASS,eligible,,N/A
pssa_item_g3_conv_29,MCQ,,3,E03.D.1.1.1,true,sha256:11dfb1cbbc2de5de7576e93dfe475148ac6bd5cad3cef26e40cb7448ed9d16ca,PENDING,deprecated_superseded,DEPRECATED_SUPERSEDED,,PSSA_IMPORT_DEPRECATION_VALID:PASS;PSSA_IMPORT_EC_RESOLVES:PASS;PSSA_IMPORT_NO_LEAK:PASS;PSSA_IMPORT_FAILCLOSED_DEFAULTS:PASS;PSSA_IMPORT_RESPONSE_SHAPE_VALID:PASS,eligible,,N/A
pssa_item_g3_conv_30,MCQ,,3,E03.D.1.1.2,true,sha256:176be642335688d9710b186a49bd532f6b43244b500cb1d30e7ee9af79492ca7,PENDING,deprecated_superseded,DEPRECATED_SUPERSEDED,,PSSA_IMPORT_DEPRECATION_VALID:PASS;PSSA_IMPORT_EC_RESOLVES:PASS;PSSA_IMPORT_NO_LEAK:PASS;PSSA_IMPORT_FAILCLOSED_DEFAULTS:PASS;PSSA_IMPORT_RESPONSE_SHAPE_VALID:PASS,eligible,,N/A
pssa_item_g3_conv_31,MCQ,,3,E03.D.1.1.3,true,sha256:5476bb498997134b4ceddd0f4e7b133f3cd45a8b2747a083acb98cb0c7ac21af,PENDING,deprecated_superseded,DEPRECATED_SUPERSEDED,,PSSA_IMPORT_DEPRECATION_VALID:PASS;PSSA_IMPORT_EC_RESOLVES:PASS;PSSA_IMPORT_NO_LEAK:PASS;PSSA_IMPORT_FAILCLOSED_DEFAULTS:PASS;PSSA_IMPORT_RESPONSE_SHAPE_VALID:PASS,eligible,,N/A
pssa_item_g3_conv_32,MCQ,,3,E03.D.1.1.4,true,sha256:7f1f8bbcbcea207b03fa32dc05f88cf677cd33b4f120093ef04b5112d82a8fb5,PENDING,deprecated_superseded,DEPRECATED_SUPERSEDED,,PSSA_IMPORT_DEPRECATION_VALID:PASS;PSSA_IMPORT_EC_RESOLVES:PASS;PSSA_IMPORT_NO_LEAK:PASS;PSSA_IMPORT_FAILCLOSED_DEFAULTS:PASS;PSSA_IMPORT_RESPONSE_SHAPE_VALID:PASS,eligible,,N/A
pssa_item_g3_conv_33,MCQ,,3,E03.D.1.1.5,true,sha256:3bbf2bf9055c339dd558e052d4de44d6399f7d6197bbc28a39e77afec4e0ac4b,PENDING,deprecated_superseded,DEPRECATED_SUPERSEDED,,PSSA_IMPORT_DEPRECATION_VALID:PASS;PSSA_IMPORT_EC_RESOLVES:PASS;PSSA_IMPORT_NO_LEAK:PASS;PSSA_IMPORT_FAILCLOSED_DEFAULTS:PASS;PSSA_IMPORT_RESPONSE_SHAPE_VALID:PASS,eligible,,N/A
pssa_item_g3_conv_34,MCQ,,3,E03.D.1.1.6,true,sha256:f4f76b68e2bfcb7fb1da072c63c2c493dc56ebc8ab513565176d0b5c7cb6b227,PENDING,deprecated_superseded,DEPRECATED_SUPERSEDED,,PSSA_IMPORT_DEPRECATION_VALID:PASS;PSSA_IMPORT_EC_RESOLVES:PASS;PSSA_IMPORT_NO_LEAK:PASS;PSSA_IMPORT_FAILCLOSED_DEFAULTS:PASS;PSSA_IMPORT_RESPONSE_SHAPE_VALID:PASS,eligible,,N/A
pssa_item_g3_conv_35,MCQ,,3,E03.D.1.1.7,true,sha256:68ebf8194dd8472779520220b41f16af9095b8bb95285a9e3a70c736544cebe4,PENDING,deprecated_superseded,DEPRECATED_SUPERSEDED,,PSSA_IMPORT_DEPRECATION_VALID:PASS;PSSA_IMPORT_EC_RESOLVES:PASS;PSSA_IMPORT_NO_LEAK:PASS;PSSA_IMPORT_FAILCLOSED_DEFAULTS:PASS;PSSA_IMPORT_RESPONSE_SHAPE_VALID:PASS,eligible,,N/A
pssa_item_g3_conv_36,MCQ,,3,E03.D.1.1.8,true,sha256:bfde3be8b089766201c37bc74b3e298143b4770141f32c3d8badbcf062b3b07c,PENDING,deprecated_superseded,DEPRECATED_SUPERSEDED,,PSSA_IMPORT_DEPRECATION_VALID:PASS;PSSA_IMPORT_EC_RESOLVES:PASS;PSSA_IMPORT_NO_LEAK:PASS;PSSA_IMPORT_FAILCLOSED_DEFAULTS:PASS;PSSA_IMPORT_RESPONSE_SHAPE_VALID:PASS,eligible,,N/A
pssa_item_g3_conv_37,MCQ,,3,E03.D.1.1.9,true,sha256:e8aa4921ff7864a781db20be8843a3890ba8c5c8162626236cd9a0330f7828c9,PENDING,deprecated_superseded,DEPRECATED_SUPERSEDED,,PSSA_IMPORT_DEPRECATION_VALID:PASS;PSSA_IMPORT_EC_RESOLVES:PASS;PSSA_IMPORT_NO_LEAK:PASS;PSSA_IMPORT_FAILCLOSED_DEFAULTS:PASS;PSSA_IMPORT_RESPONSE_SHAPE_VALID:PASS,eligible,,N/A
pssa_item_g3_conv_38,MCQ,,3,E03.D.1.2.1,true,sha256:b01fb2d90633c1f591e64a4076a56add905dabd4fe69b5bc7698de6bab4aa649,PENDING,deprecated_superseded,DEPRECATED_SUPERSEDED,,PSSA_IMPORT_DEPRECATION_VALID:PASS;PSSA_IMPORT_EC_RESOLVES:PASS;PSSA_IMPORT_NO_LEAK:PASS;PSSA_IMPORT_FAILCLOSED_DEFAULTS:PASS;PSSA_IMPORT_RESPONSE_SHAPE_VALID:PASS,eligible,,N/A
pssa_item_g3_conv_39,MCQ,,3,E03.D.1.2.2,true,sha256:1d68c90c499886adac8f35aa0ace6cdef4bce75e3a66d53e99c9fc8a1b5330cc,PENDING,deprecated_superseded,DEPRECATED_SUPERSEDED,,PSSA_IMPORT_DEPRECATION_VALID:PASS;PSSA_IMPORT_EC_RESOLVES:PASS;PSSA_IMPORT_NO_LEAK:PASS;PSSA_IMPORT_FAILCLOSED_DEFAULTS:PASS;PSSA_IMPORT_RESPONSE_SHAPE_VALID:PASS,eligible,,N/A
pssa_item_g3_conv_40,MCQ,,3,E03.D.1.2.3,true,sha256:28aa35c18b7e26c94f916a38bd3de23e545865497e222132c068f57dcf1c01da,PENDING,deprecated_superseded,DEPRECATED_SUPERSEDED,,PSSA_IMPORT_DEPRECATION_VALID:PASS;PSSA_IMPORT_EC_RESOLVES:PASS;PSSA_IMPORT_NO_LEAK:PASS;PSSA_IMPORT_FAILCLOSED_DEFAULTS:PASS;PSSA_IMPORT_RESPONSE_SHAPE_VALID:PASS,eligible,,N/A
