sourceType,sourceId,licenseStatus,attribution,externalSourceUrl,notes
generated_diagnostic,generated-pssa-ela-grade-3,internal_original,Generated by lib/diagnosticGenerator.ts using internal PSSA-style blueprint logic.,,Sampler patterns are style references; exported passages and items are generated platform content.
generated_diagnostic,generated-pssa-ela-grade-4,internal_original,Generated by lib/diagnosticGenerator.ts using internal PSSA-style blueprint logic.,,Sampler patterns are style references; exported passages and items are generated platform content.
generated_diagnostic,generated-pssa-ela-grade-5,internal_original,Generated by lib/diagnosticGenerator.ts using internal PSSA-style blueprint logic.,,Sampler patterns are style references; exported passages and items are generated platform content.
generated_diagnostic,generated-pssa-ela-grade-6,internal_original,Generated by lib/diagnosticGenerator.ts using internal PSSA-style blueprint logic.,,Sampler patterns are style references; exported passages and items are generated platform content.
generated_diagnostic,generated-pssa-ela-grade-7,internal_original,Generated by lib/diagnosticGenerator.ts using internal PSSA-style blueprint logic.,,Sampler patterns are style references; exported passages and items are generated platform content.
generated_diagnostic,generated-pssa-ela-grade-8,internal_original,Generated by lib/diagnosticGenerator.ts using internal PSSA-style blueprint logic.,,Sampler patterns are style references; exported passages and items are generated platform content.
database_passage,cmonfruy60001dpdkkjd7nixo:informational,review_required,,,Verify source metadata before external sharing.
database_passage,cmonfruy60001dpdkkjd7nixo:literary,review_required,,,Verify source metadata before external sharing.
database_passage,cmonfruy60001dpdkkjd7nixo:paired,review_required,,,Verify source metadata before external sharing.
database_passage,cmonfruy60001dpdkkjd7nixo:table,review_required,,,Verify source metadata before external sharing.
database_passage,smoke-reading-buddy-grade-5:smoke-placeholder-passage,review_required,,,Verify source metadata before external sharing.
database_passage,cmowe890u00015ishc8zojkla:informational,review_required,,,Verify source metadata before external sharing.
database_passage,cmowe890u00015ishc8zojkla:literary,review_required,,,Verify source metadata before external sharing.
database_passage,cmowe890u00015ishc8zojkla:paired,review_required,,,Verify source metadata before external sharing.
database_passage,cmowe890u00015ishc8zojkla:table,review_required,,,Verify source metadata before external sharing.
database_passage,cmoweqxei00016zhzbmh0qi15:informational,review_required,,,Verify source metadata before external sharing.
database_passage,cmoweqxei00016zhzbmh0qi15:literary,review_required,,,Verify source metadata before external sharing.
database_passage,cmoweqxei00016zhzbmh0qi15:paired,review_required,,,Verify source metadata before external sharing.
database_passage,cmoweqxei00016zhzbmh0qi15:table,review_required,,,Verify source metadata before external sharing.
database_passage,cmowg7f310001pspnkxcg20vx:informational,review_required,,,Verify source metadata before external sharing.
database_passage,cmowg7f310001pspnkxcg20vx:literary,review_required,,,Verify source metadata before external sharing.
database_passage,cmowg7f310001pspnkxcg20vx:paired,review_required,,,Verify source metadata before external sharing.
database_passage,cmowg7f310001pspnkxcg20vx:table,review_required,,,Verify source metadata before external sharing.
database_passage,cmowzttjv0001twqwmmh5vw4h:informational,review_required,,,Verify source metadata before external sharing.
database_passage,cmowzttjv0001twqwmmh5vw4h:literary,review_required,,,Verify source metadata before external sharing.
database_passage,cmowzttjv0001twqwmmh5vw4h:paired,review_required,,,Verify source metadata before external sharing.
database_passage,cmowzttjv0001twqwmmh5vw4h:table,review_required,,,Verify source metadata before external sharing.
database_passage,cmox0dd6m0001vlf112gmn4mn:informational,review_required,,,Verify source metadata before external sharing.
database_passage,cmox0dd6m0001vlf112gmn4mn:literary,review_required,,,Verify source metadata before external sharing.
database_passage,cmox0dd6m0001vlf112gmn4mn:paired,review_required,,,Verify source metadata before external sharing.
database_passage,cmox0dd6m0001vlf112gmn4mn:table,review_required,,,Verify source metadata before external sharing.
database_passage,cmox0o8jm000174o54afnlqsl:informational,review_required,,,Verify source metadata before external sharing.
database_passage,cmox0o8jm000174o54afnlqsl:literary,review_required,,,Verify source metadata before external sharing.
database_passage,cmox0o8jm000174o54afnlqsl:paired,review_required,,,Verify source metadata before external sharing.
database_passage,cmox0o8jm000174o54afnlqsl:table,review_required,,,Verify source metadata before external sharing.
database_passage,cmox1en5a00017pv3i0wh52rj:informational,review_required,,,Verify source metadata before external sharing.
database_passage,cmox1en5a00017pv3i0wh52rj:literary,review_required,,,Verify source metadata before external sharing.
database_passage,cmox1en5a00017pv3i0wh52rj:paired,review_required,,,Verify source metadata before external sharing.
database_passage,cmox1en5a00017pv3i0wh52rj:table,review_required,,,Verify source metadata before external sharing.
database_passage,cmox1weu0000111juj7ttaghi:informational,review_required,,,Verify source metadata before external sharing.
database_passage,cmox1weu0000111juj7ttaghi:literary,review_required,,,Verify source metadata before external sharing.
database_passage,cmox1weu0000111juj7ttaghi:paired,review_required,,,Verify source metadata before external sharing.
database_passage,cmox1weu0000111juj7ttaghi:table,review_required,,,Verify source metadata before external sharing.
database_passage,cmp30b1of0003rzygvud3j634:informational,review_required,,,Verify source metadata before external sharing.
database_passage,cmp30b1of0003rzygvud3j634:literary,review_required,,,Verify source metadata before external sharing.
database_passage,cmp30b1of0003rzygvud3j634:paired,review_required,,,Verify source metadata before external sharing.
database_passage,cmp30b1of0003rzygvud3j634:table,review_required,,,Verify source metadata before external sharing.
database_passage,cmp30b8ml001trzygc0l59c6f:informational,review_required,,,Verify source metadata before external sharing.
database_passage,cmp30b8ml001trzygc0l59c6f:literary,review_required,,,Verify source metadata before external sharing.
database_passage,cmp30b8ml001trzygc0l59c6f:paired,review_required,,,Verify source metadata before external sharing.
database_passage,cmp30b8ml001trzygc0l59c6f:table,review_required,,,Verify source metadata before external sharing.
database_passage,cmp39560d0001nrdz12i5zojl:informational,review_required,,,Verify source metadata before external sharing.
database_passage,cmp39560d0001nrdz12i5zojl:literary,review_required,,,Verify source metadata before external sharing.
database_passage,cmp39560d0001nrdz12i5zojl:paired,review_required,,,Verify source metadata before external sharing.
database_passage,cmp39560d0001nrdz12i5zojl:table,review_required,,,Verify source metadata before external sharing.
database_passage,cmp39lq4o000111zemifkheel:informational,review_required,,,Verify source metadata before external sharing.
database_passage,cmp39lq4o000111zemifkheel:literary,review_required,,,Verify source metadata before external sharing.
database_passage,cmp39lq4o000111zemifkheel:paired,review_required,,,Verify source metadata before external sharing.
database_passage,cmp39lq4o000111zemifkheel:table,review_required,,,Verify source metadata before external sharing.
database_passage,cmp3dtj800001chf9dli84606:informational,review_required,,,Verify source metadata before external sharing.
database_passage,cmp3dtj800001chf9dli84606:literary,review_required,,,Verify source metadata before external sharing.
database_passage,cmp3dtj800001chf9dli84606:paired,review_required,,,Verify source metadata before external sharing.
database_passage,cmp3dtj800001chf9dli84606:table,review_required,,,Verify source metadata before external sharing.
database_passage,cmp5noc0w0001149w87dd5wol:informational,review_required,,,Verify source metadata before external sharing.
database_passage,cmp5noc0w0001149w87dd5wol:literary,review_required,,,Verify source metadata before external sharing.
database_passage,cmp5noc0w0001149w87dd5wol:paired,review_required,,,Verify source metadata before external sharing.
database_passage,cmp5noc0w0001149w87dd5wol:table,review_required,,,Verify source metadata before external sharing.
database_passage,cmp61ap760001r85qixztqmcj:informational,review_required,,,Verify source metadata before external sharing.
database_passage,cmp61ap760001r85qixztqmcj:literary,review_required,,,Verify source metadata before external sharing.
database_passage,cmp61ap760001r85qixztqmcj:paired,review_required,,,Verify source metadata before external sharing.
database_passage,cmp61ap760001r85qixztqmcj:table,review_required,,,Verify source metadata before external sharing.
database_passage,cmp62uiwt0001ajtyk3hoi18f:informational,review_required,,,Verify source metadata before external sharing.
database_passage,cmp62uiwt0001ajtyk3hoi18f:literary,review_required,,,Verify source metadata before external sharing.
database_passage,cmp62uiwt0001ajtyk3hoi18f:paired,review_required,,,Verify source metadata before external sharing.
database_passage,cmp62uiwt0001ajtyk3hoi18f:table,review_required,,,Verify source metadata before external sharing.
database_passage,pilot-diagnostic-g6-id:informational,review_required,,,Verify source metadata before external sharing.
database_passage,pilot-diagnostic-g6-id:literary,review_required,,,Verify source metadata before external sharing.
database_passage,pilot-diagnostic-g6-id:paired,review_required,,,Verify source metadata before external sharing.
database_passage,pilot-diagnostic-g6-id:table,review_required,,,Verify source metadata before external sharing.
database_passage,pilot-diagnostic-g7-id:informational,review_required,,,Verify source metadata before external sharing.
database_passage,pilot-diagnostic-g7-id:literary,review_required,,,Verify source metadata before external sharing.
database_passage,pilot-diagnostic-g7-id:paired,review_required,,,Verify source metadata before external sharing.
database_passage,pilot-diagnostic-g7-id:table,review_required,,,Verify source metadata before external sharing.
lesson,cmpdfkjg10007evu9n99td6m5,internal_or_ai_assisted_review_required,PREBUILT_AI_LIBRARY,,Lesson may contain resource links or AI-assisted text; review sourcePayload/reviewMetadata.
lesson,cmpdfllov000fevu97xukjt9t,internal_or_ai_assisted_review_required,PREBUILT_AI_LIBRARY,,Lesson may contain resource links or AI-assisted text; review sourcePayload/reviewMetadata.
lesson,cmpdfmzxq000sevu9v6rfh6gf,internal_or_ai_assisted_review_required,PREBUILT_AI_LIBRARY,,Lesson may contain resource links or AI-assisted text; review sourcePayload/reviewMetadata.
lesson,cmpdfprp00015evu9t95bnlth,internal_or_ai_assisted_review_required,PREBUILT_AI_LIBRARY,,Lesson may contain resource links or AI-assisted text; review sourcePayload/reviewMetadata.
lesson,cmpdfpwdp001devu9m22ak7yq,internal_or_ai_assisted_review_required,PREBUILT_AI_LIBRARY,,Lesson may contain resource links or AI-assisted text; review sourcePayload/reviewMetadata.
lesson,cmpdfsse80023evu9p3ru6hyw,internal_or_ai_assisted_review_required,PREBUILT_AI_LIBRARY,,Lesson may contain resource links or AI-assisted text; review sourcePayload/reviewMetadata.
lesson,cmpdfsjgm001vevu9ftccbyhm,internal_or_ai_assisted_review_required,PREBUILT_AI_LIBRARY,,Lesson may contain resource links or AI-assisted text; review sourcePayload/reviewMetadata.
lesson,cmpdfvzjb002gevu9myf1nvdt,internal_or_ai_assisted_review_required,PREBUILT_AI_LIBRARY,,Lesson may contain resource links or AI-assisted text; review sourcePayload/reviewMetadata.
lesson,cmpdfxnn7002tevu993vrd9h7,internal_or_ai_assisted_review_required,PREBUILT_AI_LIBRARY,,Lesson may contain resource links or AI-assisted text; review sourcePayload/reviewMetadata.
lesson,cmpdg13nn0036evu9quxzpq9a,internal_or_ai_assisted_review_required,PREBUILT_AI_LIBRARY,,Lesson may contain resource links or AI-assisted text; review sourcePayload/reviewMetadata.
lesson,cmpdg1f67003eevu9q8cyr7oa,internal_or_ai_assisted_review_required,PREBUILT_AI_LIBRARY,,Lesson may contain resource links or AI-assisted text; review sourcePayload/reviewMetadata.
lesson,cmpdg5iim003wevu9kuk3b0bf,internal_or_ai_assisted_review_required,PREBUILT_AI_LIBRARY,,Lesson may contain resource links or AI-assisted text; review sourcePayload/reviewMetadata.
lesson,cmpdg77dl0048evu9yx51bo8o,internal_or_ai_assisted_review_required,PREBUILT_AI_LIBRARY,,Lesson may contain resource links or AI-assisted text; review sourcePayload/reviewMetadata.
lesson,cmpdg94wd004levu9htte4cct,internal_or_ai_assisted_review_required,PREBUILT_AI_LIBRARY,,Lesson may contain resource links or AI-assisted text; review sourcePayload/reviewMetadata.
lesson,cmpdgccj1004yevu9ezvs5f22,internal_or_ai_assisted_review_required,PREBUILT_AI_LIBRARY,,Lesson may contain resource links or AI-assisted text; review sourcePayload/reviewMetadata.
lesson,cmpdge47w005bevu9y1vtuc9k,internal_or_ai_assisted_review_required,PREBUILT_AI_LIBRARY,,Lesson may contain resource links or AI-assisted text; review sourcePayload/reviewMetadata.
lesson,cmpdggth4005oevu9zrifadqq,internal_or_ai_assisted_review_required,PREBUILT_AI_LIBRARY,,Lesson may contain resource links or AI-assisted text; review sourcePayload/reviewMetadata.
lesson,cmpdgj3z00061evu9osxvuo1u,internal_or_ai_assisted_review_required,PREBUILT_AI_LIBRARY,,Lesson may contain resource links or AI-assisted text; review sourcePayload/reviewMetadata.
lesson,cmpdgkud3006eevu9jb8e6dht,internal_or_ai_assisted_review_required,PREBUILT_AI_LIBRARY,,Lesson may contain resource links or AI-assisted text; review sourcePayload/reviewMetadata.
lesson,cmpdgm4f3006mevu91x36jxg8,internal_or_ai_assisted_review_required,PREBUILT_AI_LIBRARY,,Lesson may contain resource links or AI-assisted text; review sourcePayload/reviewMetadata.
lesson,cmpdgpv0n006zevu9ueolu61j,internal_or_ai_assisted_review_required,PREBUILT_AI_LIBRARY,,Lesson may contain resource links or AI-assisted text; review sourcePayload/reviewMetadata.
lesson,cmpdqz49f000aes458ungmt69,internal_or_ai_assisted_review_required,PREBUILT_AI_LIBRARY,,Lesson may contain resource links or AI-assisted text; review sourcePayload/reviewMetadata.
lesson,cmpdgspjc007devu9e4f0jqfu,internal_or_ai_assisted_review_required,PREBUILT_AI_LIBRARY,,Lesson may contain resource links or AI-assisted text; review sourcePayload/reviewMetadata.
lesson,cmpdgte5s007levu96qndx56t,internal_or_ai_assisted_review_required,PREBUILT_AI_LIBRARY,,Lesson may contain resource links or AI-assisted text; review sourcePayload/reviewMetadata.
lesson,cmpdgvi9g0082evu9jlk35wzb,internal_or_ai_assisted_review_required,PREBUILT_AI_LIBRARY,,Lesson may contain resource links or AI-assisted text; review sourcePayload/reviewMetadata.
lesson,cmpdgvnv5008aevu90h6ug77j,internal_or_ai_assisted_review_required,PREBUILT_AI_LIBRARY,,Lesson may contain resource links or AI-assisted text; review sourcePayload/reviewMetadata.
lesson,cmpdgyudg008nevu9q18muwup,internal_or_ai_assisted_review_required,PREBUILT_AI_LIBRARY,,Lesson may contain resource links or AI-assisted text; review sourcePayload/reviewMetadata.
lesson,cmpdgyw0h008vevu9kb541y7f,internal_or_ai_assisted_review_required,PREBUILT_AI_LIBRARY,,Lesson may contain resource links or AI-assisted text; review sourcePayload/reviewMetadata.
lesson,cmpdh2xsi0098evu9zawl135n,internal_or_ai_assisted_review_required,PREBUILT_AI_LIBRARY,,Lesson may contain resource links or AI-assisted text; review sourcePayload/reviewMetadata.
lesson,cmpdh3j20009gevu9lc0iynfk,internal_or_ai_assisted_review_required,PREBUILT_AI_LIBRARY,,Lesson may contain resource links or AI-assisted text; review sourcePayload/reviewMetadata.
lesson,cmpdh5m7u009qevu9b6sq9ivk,internal_or_ai_assisted_review_required,PREBUILT_AI_LIBRARY,,Lesson may contain resource links or AI-assisted text; review sourcePayload/reviewMetadata.
lesson,cmpdh63tp009yevu9abub6l5w,internal_or_ai_assisted_review_required,PREBUILT_AI_LIBRARY,,Lesson may contain resource links or AI-assisted text; review sourcePayload/reviewMetadata.
lesson,cmpdha1hu00abevu9csx08m68,internal_or_ai_assisted_review_required,PREBUILT_AI_LIBRARY,,Lesson may contain resource links or AI-assisted text; review sourcePayload/reviewMetadata.
lesson,cmpdhas9n00ajevu9teh71x9k,internal_or_ai_assisted_review_required,PREBUILT_AI_LIBRARY,,Lesson may contain resource links or AI-assisted text; review sourcePayload/reviewMetadata.
lesson,cmpdhcgsm00awevu9rk3hmgr4,internal_or_ai_assisted_review_required,PREBUILT_AI_LIBRARY,,Lesson may contain resource links or AI-assisted text; review sourcePayload/reviewMetadata.
lesson,cmpdhgonw00b9evu9g6u9w9jt,internal_or_ai_assisted_review_required,PREBUILT_AI_LIBRARY,,Lesson may contain resource links or AI-assisted text; review sourcePayload/reviewMetadata.
lesson,cmpdhhzd600bjevu9362t3f0f,internal_or_ai_assisted_review_required,PREBUILT_AI_LIBRARY,,Lesson may contain resource links or AI-assisted text; review sourcePayload/reviewMetadata.
lesson,cmpdhlfoh00buevu902sxjmck,internal_or_ai_assisted_review_required,PREBUILT_AI_LIBRARY,,Lesson may contain resource links or AI-assisted text; review sourcePayload/reviewMetadata.
lesson,cmpdhn7na00c2evu91o7fjgaw,internal_or_ai_assisted_review_required,PREBUILT_AI_LIBRARY,,Lesson may contain resource links or AI-assisted text; review sourcePayload/reviewMetadata.
lesson,cmpdhp9cf00cfevu9521zskko,internal_or_ai_assisted_review_required,PREBUILT_AI_LIBRARY,,Lesson may contain resource links or AI-assisted text; review sourcePayload/reviewMetadata.
lesson,cmpdhrlfc00cqevu9gdjhv6if,internal_or_ai_assisted_review_required,PREBUILT_AI_LIBRARY,,Lesson may contain resource links or AI-assisted text; review sourcePayload/reviewMetadata.
lesson,cmpdht2ut00cyevu96difvrzn,internal_or_ai_assisted_review_required,PREBUILT_AI_LIBRARY,,Lesson may contain resource links or AI-assisted text; review sourcePayload/reviewMetadata.
lesson,cmpdhvyp400d8evu9dt50rod2,internal_or_ai_assisted_review_required,PREBUILT_AI_LIBRARY,,Lesson may contain resource links or AI-assisted text; review sourcePayload/reviewMetadata.
lesson,cmpdhwrjk00dievu9tdtn7as2,internal_or_ai_assisted_review_required,PREBUILT_AI_LIBRARY,,Lesson may contain resource links or AI-assisted text; review sourcePayload/reviewMetadata.
lesson,cmpdi049g00e0evu9i4lhqmdd,internal_or_ai_assisted_review_required,PREBUILT_AI_LIBRARY,,Lesson may contain resource links or AI-assisted text; review sourcePayload/reviewMetadata.
lesson,cmpdhzp7s00dsevu91d5ngbrd,internal_or_ai_assisted_review_required,PREBUILT_AI_LIBRARY,,Lesson may contain resource links or AI-assisted text; review sourcePayload/reviewMetadata.
lesson,cmpdi436p00edevu9qj8qbl4v,internal_or_ai_assisted_review_required,PREBUILT_AI_LIBRARY,,Lesson may contain resource links or AI-assisted text; review sourcePayload/reviewMetadata.
lesson,cmpdi5a0y00elevu98ni5vpa6,internal_or_ai_assisted_review_required,PREBUILT_AI_LIBRARY,,Lesson may contain resource links or AI-assisted text; review sourcePayload/reviewMetadata.
lesson,cmpdi8kps00etevu9e5xap1kx,internal_or_ai_assisted_review_required,PREBUILT_AI_LIBRARY,,Lesson may contain resource links or AI-assisted text; review sourcePayload/reviewMetadata.
lesson,cmpdibiyu00f1evu9w0ber6ec,internal_or_ai_assisted_review_required,PREBUILT_AI_LIBRARY,,Lesson may contain resource links or AI-assisted text; review sourcePayload/reviewMetadata.
lesson,cmpdid0ed00fdevu9ztkt8ejr,internal_or_ai_assisted_review_required,PREBUILT_AI_LIBRARY,,Lesson may contain resource links or AI-assisted text; review sourcePayload/reviewMetadata.
lesson,cmpdie6nd00fqevu9h7ooi2ft,internal_or_ai_assisted_review_required,PREBUILT_AI_LIBRARY,,Lesson may contain resource links or AI-assisted text; review sourcePayload/reviewMetadata.
lesson,cmpdii6m500g2evu9v5z7faq3,internal_or_ai_assisted_review_required,PREBUILT_AI_LIBRARY,,Lesson may contain resource links or AI-assisted text; review sourcePayload/reviewMetadata.
lesson,cmpdijwpx00gaevu9kg2tawq6,internal_or_ai_assisted_review_required,PREBUILT_AI_LIBRARY,,Lesson may contain resource links or AI-assisted text; review sourcePayload/reviewMetadata.
lesson,cmpdillv200gkevu9hbeud3qu,internal_or_ai_assisted_review_required,PREBUILT_AI_LIBRARY,,Lesson may contain resource links or AI-assisted text; review sourcePayload/reviewMetadata.
lesson,cmpdio2v800h0evu9lu9ndp41,internal_or_ai_assisted_review_required,PREBUILT_AI_LIBRARY,,Lesson may contain resource links or AI-assisted text; review sourcePayload/reviewMetadata.
lesson,cmpdio0lr00gsevu959kopr04,internal_or_ai_assisted_review_required,PREBUILT_AI_LIBRARY,,Lesson may contain resource links or AI-assisted text; review sourcePayload/reviewMetadata.
lesson,cmpdiqi2w00hcevu9yw697jp4,internal_or_ai_assisted_review_required,PREBUILT_AI_LIBRARY,,Lesson may contain resource links or AI-assisted text; review sourcePayload/reviewMetadata.
lesson,cmpdiqj9200hkevu9wac0r2fv,internal_or_ai_assisted_review_required,PREBUILT_AI_LIBRARY,,Lesson may contain resource links or AI-assisted text; review sourcePayload/reviewMetadata.
lesson,cmpdiswsi00hwevu91ig9arf8,internal_or_ai_assisted_review_required,PREBUILT_AI_LIBRARY,,Lesson may contain resource links or AI-assisted text; review sourcePayload/reviewMetadata.
lesson,cmpditszl00i4evu9n5fh3bke,internal_or_ai_assisted_review_required,PREBUILT_AI_LIBRARY,,Lesson may contain resource links or AI-assisted text; review sourcePayload/reviewMetadata.
lesson,cmpdix3ca00ieevu93foszdc7,internal_or_ai_assisted_review_required,PREBUILT_AI_LIBRARY,,Lesson may contain resource links or AI-assisted text; review sourcePayload/reviewMetadata.
lesson,cmpdixewz00imevu9suq29iqw,internal_or_ai_assisted_review_required,PREBUILT_AI_LIBRARY,,Lesson may contain resource links or AI-assisted text; review sourcePayload/reviewMetadata.
lesson,cmpdj01xo00iuevu9izx8k7y1,internal_or_ai_assisted_review_required,PREBUILT_AI_LIBRARY,,Lesson may contain resource links or AI-assisted text; review sourcePayload/reviewMetadata.
lesson,cmpdj1ix500j7evu9zr5yunga,internal_or_ai_assisted_review_required,PREBUILT_AI_LIBRARY,,Lesson may contain resource links or AI-assisted text; review sourcePayload/reviewMetadata.
lesson,cmpdj50cw00jievu9ntghh2es,internal_or_ai_assisted_review_required,PREBUILT_AI_LIBRARY,,Lesson may contain resource links or AI-assisted text; review sourcePayload/reviewMetadata.
lesson,cmpdj5q6m00jqevu9qdtztwdw,internal_or_ai_assisted_review_required,PREBUILT_AI_LIBRARY,,Lesson may contain resource links or AI-assisted text; review sourcePayload/reviewMetadata.
lesson,cmpdja62n00kcevu95i3mk73e,internal_or_ai_assisted_review_required,PREBUILT_AI_LIBRARY,,Lesson may contain resource links or AI-assisted text; review sourcePayload/reviewMetadata.
lesson,cmpdj9vr600k4evu9dq98qlfl,internal_or_ai_assisted_review_required,PREBUILT_AI_LIBRARY,,Lesson may contain resource links or AI-assisted text; review sourcePayload/reviewMetadata.
lesson,cmpdjhkxi00l2evu94t0y8mor,internal_or_ai_assisted_review_required,PREBUILT_AI_LIBRARY,,Lesson may contain resource links or AI-assisted text; review sourcePayload/reviewMetadata.
lesson,cmpdjez5k00kpevu91xq22rwd,internal_or_ai_assisted_review_required,PREBUILT_AI_LIBRARY,,Lesson may contain resource links or AI-assisted text; review sourcePayload/reviewMetadata.
lesson,cmpdjk9h000laevu9jego1yoz,internal_or_ai_assisted_review_required,PREBUILT_AI_LIBRARY,,Lesson may contain resource links or AI-assisted text; review sourcePayload/reviewMetadata.
lesson,cmpdjkgeo00lievu9ok63uz47,internal_or_ai_assisted_review_required,PREBUILT_AI_LIBRARY,,Lesson may contain resource links or AI-assisted text; review sourcePayload/reviewMetadata.
lesson,cmpdjovhx00lvevu9o9spwc6q,internal_or_ai_assisted_review_required,PREBUILT_AI_LIBRARY,,Lesson may contain resource links or AI-assisted text; review sourcePayload/reviewMetadata.
lesson,cmpdjp0sg00m3evu9tkxbxwug,internal_or_ai_assisted_review_required,PREBUILT_AI_LIBRARY,,Lesson may contain resource links or AI-assisted text; review sourcePayload/reviewMetadata.
lesson,cmpdjtbbo00mlevu9enr8byga,internal_or_ai_assisted_review_required,PREBUILT_AI_LIBRARY,,Lesson may contain resource links or AI-assisted text; review sourcePayload/reviewMetadata.
lesson,cmpdjtj3o00mtevu9o263edmr,internal_or_ai_assisted_review_required,PREBUILT_AI_LIBRARY,,Lesson may contain resource links or AI-assisted text; review sourcePayload/reviewMetadata.
lesson,cmpdjy2zi00naevu9av8fdpd2,internal_or_ai_assisted_review_required,PREBUILT_AI_LIBRARY,,Lesson may contain resource links or AI-assisted text; review sourcePayload/reviewMetadata.
lesson,cmpdjyhek00nievu9j1rvl9io,internal_or_ai_assisted_review_required,PREBUILT_AI_LIBRARY,,Lesson may contain resource links or AI-assisted text; review sourcePayload/reviewMetadata.
lesson,cmpdk17vx00nwevu9n6g3b65k,internal_or_ai_assisted_review_required,PREBUILT_AI_LIBRARY,,Lesson may contain resource links or AI-assisted text; review sourcePayload/reviewMetadata.
lesson,cmpdqxir80002es45p4gcsqlk,internal_or_ai_assisted_review_required,PREBUILT_AI_LIBRARY,,Lesson may contain resource links or AI-assisted text; review sourcePayload/reviewMetadata.
lesson,cmpdk5iju00ojevu943zwy1tm,internal_or_ai_assisted_review_required,PREBUILT_AI_LIBRARY,,Lesson may contain resource links or AI-assisted text; review sourcePayload/reviewMetadata.
lesson,cmpdk4zzo00obevu91zcquruk,internal_or_ai_assisted_review_required,PREBUILT_AI_LIBRARY,,Lesson may contain resource links or AI-assisted text; review sourcePayload/reviewMetadata.
lesson,cmpdk7k7200owevu9jarxr5tf,internal_or_ai_assisted_review_required,PREBUILT_AI_LIBRARY,,Lesson may contain resource links or AI-assisted text; review sourcePayload/reviewMetadata.
lesson,cmpdk8jln00p4evu99v8crx18,internal_or_ai_assisted_review_required,PREBUILT_AI_LIBRARY,,Lesson may contain resource links or AI-assisted text; review sourcePayload/reviewMetadata.
lesson,cmpdkbsrq00pcevu9o175yfc5,internal_or_ai_assisted_review_required,PREBUILT_AI_LIBRARY,,Lesson may contain resource links or AI-assisted text; review sourcePayload/reviewMetadata.
lesson,cmpdke88v00pkevu9ajqwyh1q,internal_or_ai_assisted_review_required,PREBUILT_AI_LIBRARY,,Lesson may contain resource links or AI-assisted text; review sourcePayload/reviewMetadata.
lesson,cmpdkffqp00pxevu9f0mucil1,internal_or_ai_assisted_review_required,PREBUILT_AI_LIBRARY,,Lesson may contain resource links or AI-assisted text; review sourcePayload/reviewMetadata.
lesson,cmpdkhiww00qaevu93zt0u0s8,internal_or_ai_assisted_review_required,PREBUILT_AI_LIBRARY,,Lesson may contain resource links or AI-assisted text; review sourcePayload/reviewMetadata.
lesson,cmpdki7du00qievu9wx2fzhsr,internal_or_ai_assisted_review_required,PREBUILT_AI_LIBRARY,,Lesson may contain resource links or AI-assisted text; review sourcePayload/reviewMetadata.
lesson,cmpdkmxrk00r3evu9iafs2oto,internal_or_ai_assisted_review_required,PREBUILT_AI_LIBRARY,,Lesson may contain resource links or AI-assisted text; review sourcePayload/reviewMetadata.
lesson,cmpdklgau00qvevu9onhou89r,internal_or_ai_assisted_review_required,PREBUILT_AI_LIBRARY,,Lesson may contain resource links or AI-assisted text; review sourcePayload/reviewMetadata.
lesson,cmpdkpqwp00rgevu9x5qf3daw,internal_or_ai_assisted_review_required,PREBUILT_AI_LIBRARY,,Lesson may contain resource links or AI-assisted text; review sourcePayload/reviewMetadata.
lesson,cmpdkq71z00roevu90islneyp,internal_or_ai_assisted_review_required,PREBUILT_AI_LIBRARY,,Lesson may contain resource links or AI-assisted text; review sourcePayload/reviewMetadata.
lesson,cmonnkicy0001arooxm1rwpnf,internal_or_ai_assisted_review_required,DETERMINISTIC,,Lesson may contain resource links or AI-assisted text; review sourcePayload/reviewMetadata.
lesson,cmpdkug6d00s6evu96gaij95v,internal_or_ai_assisted_review_required,PREBUILT_AI_LIBRARY,,Lesson may contain resource links or AI-assisted text; review sourcePayload/reviewMetadata.
lesson,cmpdkvdwd00seevu9uhnbiq9v,internal_or_ai_assisted_review_required,PREBUILT_AI_LIBRARY,,Lesson may contain resource links or AI-assisted text; review sourcePayload/reviewMetadata.
lesson,cmpdkyfnl00spevu98inu218g,internal_or_ai_assisted_review_required,PREBUILT_AI_LIBRARY,,Lesson may contain resource links or AI-assisted text; review sourcePayload/reviewMetadata.
lesson,cmpdkztnq00t2evu911zhtoy9,internal_or_ai_assisted_review_required,PREBUILT_AI_LIBRARY,,Lesson may contain resource links or AI-assisted text; review sourcePayload/reviewMetadata.
lesson,cmpdl2lpd00tcevu9k8pq4w4i,internal_or_ai_assisted_review_required,PREBUILT_AI_LIBRARY,,Lesson may contain resource links or AI-assisted text; review sourcePayload/reviewMetadata.
lesson,cmpdl4tel00tlevu9cl8zx5pw,internal_or_ai_assisted_review_required,PREBUILT_AI_LIBRARY,,Lesson may contain resource links or AI-assisted text; review sourcePayload/reviewMetadata.
lesson,cmpdl7ca100tyevu935r71png,internal_or_ai_assisted_review_required,PREBUILT_AI_LIBRARY,,Lesson may contain resource links or AI-assisted text; review sourcePayload/reviewMetadata.
lesson,cmpdl8ydo00u6evu9etp7qt32,internal_or_ai_assisted_review_required,PREBUILT_AI_LIBRARY,,Lesson may contain resource links or AI-assisted text; review sourcePayload/reviewMetadata.
lesson,cmpdlbjuf00ujevu9v3rwynp1,internal_or_ai_assisted_review_required,PREBUILT_AI_LIBRARY,,Lesson may contain resource links or AI-assisted text; review sourcePayload/reviewMetadata.
lesson,cmpdldlmy00usevu9olw2a5s9,internal_or_ai_assisted_review_required,PREBUILT_AI_LIBRARY,,Lesson may contain resource links or AI-assisted text; review sourcePayload/reviewMetadata.
lesson,cmpdlho4i00v2evu9xsy6kkqv,internal_or_ai_assisted_review_required,PREBUILT_AI_LIBRARY,,Lesson may contain resource links or AI-assisted text; review sourcePayload/reviewMetadata.
lesson,cmpdlkb9w00vcevu95d033ehp,internal_or_ai_assisted_review_required,PREBUILT_AI_LIBRARY,,Lesson may contain resource links or AI-assisted text; review sourcePayload/reviewMetadata.
lesson,cmpdlpsjw00vlevu9e9fvdv3y,internal_or_ai_assisted_review_required,PREBUILT_AI_LIBRARY,,Lesson may contain resource links or AI-assisted text; review sourcePayload/reviewMetadata.
lesson,cmpdlq62v00vtevu9szk9s8yr,internal_or_ai_assisted_review_required,PREBUILT_AI_LIBRARY,,Lesson may contain resource links or AI-assisted text; review sourcePayload/reviewMetadata.
lesson,cmpdlulcl00wdevu9b1iewyb7,internal_or_ai_assisted_review_required,PREBUILT_AI_LIBRARY,,Lesson may contain resource links or AI-assisted text; review sourcePayload/reviewMetadata.
lesson,cmpdlsfwi00w4evu9g1q6o1a2,internal_or_ai_assisted_review_required,PREBUILT_AI_LIBRARY,,Lesson may contain resource links or AI-assisted text; review sourcePayload/reviewMetadata.
lesson,cmpdlxlnf00wpevu9g67bl85d,internal_or_ai_assisted_review_required,PREBUILT_AI_LIBRARY,,Lesson may contain resource links or AI-assisted text; review sourcePayload/reviewMetadata.
lesson,cmpdlz5ik00wxevu9l87lwmwy,internal_or_ai_assisted_review_required,PREBUILT_AI_LIBRARY,,Lesson may contain resource links or AI-assisted text; review sourcePayload/reviewMetadata.
lesson,cmpdm0xwm00x5evu9wld8xp8n,internal_or_ai_assisted_review_required,PREBUILT_AI_LIBRARY,,Lesson may contain resource links or AI-assisted text; review sourcePayload/reviewMetadata.
lesson,cmpdm229u00xdevu9u7dmxptz,internal_or_ai_assisted_review_required,PREBUILT_AI_LIBRARY,,Lesson may contain resource links or AI-assisted text; review sourcePayload/reviewMetadata.
lesson,cmpdm34am00xlevu9wg4syc6i,internal_or_ai_assisted_review_required,PREBUILT_AI_LIBRARY,,Lesson may contain resource links or AI-assisted text; review sourcePayload/reviewMetadata.
lesson,cmpdm5xsa00xtevu9tno0pj6v,internal_or_ai_assisted_review_required,PREBUILT_AI_LIBRARY,,Lesson may contain resource links or AI-assisted text; review sourcePayload/reviewMetadata.
lesson,cmpdm7hfs00y1evu98f3efqpo,internal_or_ai_assisted_review_required,PREBUILT_AI_LIBRARY,,Lesson may contain resource links or AI-assisted text; review sourcePayload/reviewMetadata.
lesson,cmpdm9r6u00y9evu91a1pnqzz,internal_or_ai_assisted_review_required,PREBUILT_AI_LIBRARY,,Lesson may contain resource links or AI-assisted text; review sourcePayload/reviewMetadata.
lesson,cmpdmaj1f00yievu9ui4dxure,internal_or_ai_assisted_review_required,PREBUILT_AI_LIBRARY,,Lesson may contain resource links or AI-assisted text; review sourcePayload/reviewMetadata.
lesson,cmp39etqn006unrdzu07f32jz,internal_or_ai_assisted_review_required,DETERMINISTIC,,Lesson may contain resource links or AI-assisted text; review sourcePayload/reviewMetadata.
lesson,cmp39pu36006s11zemific5ic,internal_or_ai_assisted_review_required,AI_ENRICHED,,Lesson may contain resource links or AI-assisted text; review sourcePayload/reviewMetadata.
lesson,cmp3dz486002o111beui23cwb,internal_or_ai_assisted_review_required,AI_ENRICHED,,Lesson may contain resource links or AI-assisted text; review sourcePayload/reviewMetadata.
lesson,cmp5ns6op0079149wc8n858lh,internal_or_ai_assisted_review_required,AI_ENRICHED,,Lesson may contain resource links or AI-assisted text; review sourcePayload/reviewMetadata.
lesson,cmp2uknnn009dg530ymnqdkjx,internal_or_ai_assisted_review_required,AI_ENRICHED,,Lesson may contain resource links or AI-assisted text; review sourcePayload/reviewMetadata.
lesson,cmp36npvr00533hihss7lyjo6,internal_or_ai_assisted_review_required,DETERMINISTIC,,Lesson may contain resource links or AI-assisted text; review sourcePayload/reviewMetadata.
lesson,cmp39pu57007311zerijjemi9,internal_or_ai_assisted_review_required,AI_ENRICHED,,Lesson may contain resource links or AI-assisted text; review sourcePayload/reviewMetadata.
lesson,cmp3dz49k002z111bl60wju1u,internal_or_ai_assisted_review_required,AI_ENRICHED,,Lesson may contain resource links or AI-assisted text; review sourcePayload/reviewMetadata.
lesson,cmp61fsuu006vr85qpftc80kw,internal_or_ai_assisted_review_required,AI_ENRICHED,,Lesson may contain resource links or AI-assisted text; review sourcePayload/reviewMetadata.
lesson,cmp6423b20055m5s7bzml7ods,internal_or_ai_assisted_review_required,AI_ENRICHED,,Lesson may contain resource links or AI-assisted text; review sourcePayload/reviewMetadata.
lesson,cmp30i9fc008krzygi7fekjjv,internal_or_ai_assisted_review_required,DETERMINISTIC,,Lesson may contain resource links or AI-assisted text; review sourcePayload/reviewMetadata.
lesson,cmp39etrx0075nrdzwobmqoo6,internal_or_ai_assisted_review_required,DETERMINISTIC,,Lesson may contain resource links or AI-assisted text; review sourcePayload/reviewMetadata.
lesson,cmp6423cc005jm5s7769nual7,internal_or_ai_assisted_review_required,AI_ENRICHED,,Lesson may contain resource links or AI-assisted text; review sourcePayload/reviewMetadata.
lesson,cmp5ns6mz006v149wdbdgg205,internal_or_ai_assisted_review_required,AI_ENRICHED,,Lesson may contain resource links or AI-assisted text; review sourcePayload/reviewMetadata.
lesson,cmp61fswg0079r85qwrlgp81k,internal_or_ai_assisted_review_required,AI_ENRICHED,,Lesson may contain resource links or AI-assisted text; review sourcePayload/reviewMetadata.
lesson,cmp30i9gg008vrzygajx5iyyk,internal_or_ai_assisted_review_required,DETERMINISTIC,,Lesson may contain resource links or AI-assisted text; review sourcePayload/reviewMetadata.
lesson,cmp36npxb005e3hihf9d6iqlj,internal_or_ai_assisted_review_required,DETERMINISTIC,,Lesson may contain resource links or AI-assisted text; review sourcePayload/reviewMetadata.
lesson,cmp2ukmiy008kg530gnrdqi2t,internal_or_ai_assisted_review_required,AI_ENRICHED,,Lesson may contain resource links or AI-assisted text; review sourcePayload/reviewMetadata.
lesson,cmp2ukn850090g530f4qx8t6q,internal_or_ai_assisted_review_required,AI_ENRICHED,,Lesson may contain resource links or AI-assisted text; review sourcePayload/reviewMetadata.
lesson,cmpdmdumb00yzevu9rvm0arnd,internal_or_ai_assisted_review_required,PREBUILT_AI_LIBRARY,,Lesson may contain resource links or AI-assisted text; review sourcePayload/reviewMetadata.
lesson,cmp30i9cu0089rzygsw3be1yi,internal_or_ai_assisted_review_required,DETERMINISTIC,,Lesson may contain resource links or AI-assisted text; review sourcePayload/reviewMetadata.
lesson,cmp36nps8004s3hihy11uzloa,internal_or_ai_assisted_review_required,DETERMINISTIC,,Lesson may contain resource links or AI-assisted text; review sourcePayload/reviewMetadata.
lesson,cmp39etni006jnrdzt0k16mn8,internal_or_ai_assisted_review_required,DETERMINISTIC,,Lesson may contain resource links or AI-assisted text; review sourcePayload/reviewMetadata.
lesson,cmp39pu1h006h11ze2ttj8m3j,internal_or_ai_assisted_review_required,AI_ENRICHED,,Lesson may contain resource links or AI-assisted text; review sourcePayload/reviewMetadata.
lesson,cmp3dz45w002d111b5n38gael,internal_or_ai_assisted_review_required,AI_ENRICHED,,Lesson may contain resource links or AI-assisted text; review sourcePayload/reviewMetadata.
lesson,cmp5ns6k0006h149ws4wdk3kc,internal_or_ai_assisted_review_required,AI_ENRICHED,,Lesson may contain resource links or AI-assisted text; review sourcePayload/reviewMetadata.
lesson,cmp61fssi006hr85qsg8vnb99,internal_or_ai_assisted_review_required,AI_ENRICHED,,Lesson may contain resource links or AI-assisted text; review sourcePayload/reviewMetadata.
lesson,cmp64236x004rm5s7z9rc07jq,internal_or_ai_assisted_review_required,AI_ENRICHED,,Lesson may contain resource links or AI-assisted text; review sourcePayload/reviewMetadata.
lesson,cmpdmeaxw00z7evu9n5yzuzdh,internal_or_ai_assisted_review_required,PREBUILT_AI_LIBRARY,,Lesson may contain resource links or AI-assisted text; review sourcePayload/reviewMetadata.
lesson,cmpdmlad400ztevu941rhy9hz,internal_or_ai_assisted_review_required,PREBUILT_AI_LIBRARY,,Lesson may contain resource links or AI-assisted text; review sourcePayload/reviewMetadata.
lesson,cmpdmhj0500zgevu9bu6ocm3k,internal_or_ai_assisted_review_required,PREBUILT_AI_LIBRARY,,Lesson may contain resource links or AI-assisted text; review sourcePayload/reviewMetadata.
lesson,cmpdmlk6r0101evu9x7yib8oo,internal_or_ai_assisted_review_required,PREBUILT_AI_LIBRARY,,Lesson may contain resource links or AI-assisted text; review sourcePayload/reviewMetadata.
lesson,cmpdmq10y010hevu9spinmfoh,internal_or_ai_assisted_review_required,PREBUILT_AI_LIBRARY,,Lesson may contain resource links or AI-assisted text; review sourcePayload/reviewMetadata.
lesson,cmpdmqdnz010pevu94j9g8iu1,internal_or_ai_assisted_review_required,PREBUILT_AI_LIBRARY,,Lesson may contain resource links or AI-assisted text; review sourcePayload/reviewMetadata.
lesson,cmpdmtkel010xevu9h5hnqy7c,internal_or_ai_assisted_review_required,PREBUILT_AI_LIBRARY,,Lesson may contain resource links or AI-assisted text; review sourcePayload/reviewMetadata.
lesson,cmpdmurek0118evu9j5ct4z2y,internal_or_ai_assisted_review_required,PREBUILT_AI_LIBRARY,,Lesson may contain resource links or AI-assisted text; review sourcePayload/reviewMetadata.
lesson,cmpdmxkrt011gevu9lgkrwzj8,internal_or_ai_assisted_review_required,PREBUILT_AI_LIBRARY,,Lesson may contain resource links or AI-assisted text; review sourcePayload/reviewMetadata.
lesson,cmpdmyk49011sevu9shm2qp3s,internal_or_ai_assisted_review_required,PREBUILT_AI_LIBRARY,,Lesson may contain resource links or AI-assisted text; review sourcePayload/reviewMetadata.
lesson,cmpdn2k4r0120evu9e0u3rx6y,internal_or_ai_assisted_review_required,PREBUILT_AI_LIBRARY,,Lesson may contain resource links or AI-assisted text; review sourcePayload/reviewMetadata.
lesson,cmpdn2wdv0128evu985jqquxc,internal_or_ai_assisted_review_required,PREBUILT_AI_LIBRARY,,Lesson may contain resource links or AI-assisted text; review sourcePayload/reviewMetadata.
lesson,cmpdn756z012oevu91hvv2l0h,internal_or_ai_assisted_review_required,PREBUILT_AI_LIBRARY,,Lesson may contain resource links or AI-assisted text; review sourcePayload/reviewMetadata.
lesson,cmpdn6y8o012gevu928lq7woo,internal_or_ai_assisted_review_required,PREBUILT_AI_LIBRARY,,Lesson may contain resource links or AI-assisted text; review sourcePayload/reviewMetadata.
lesson,cmpdr5mjm000ies455h6l2m6y,internal_or_ai_assisted_review_required,PREBUILT_AI_LIBRARY,,Lesson may contain resource links or AI-assisted text; review sourcePayload/reviewMetadata.
lesson,cmpdnawxp0132evu9421t2kdi,internal_or_ai_assisted_review_required,PREBUILT_AI_LIBRARY,,Lesson may contain resource links or AI-assisted text; review sourcePayload/reviewMetadata.
lesson,cmpdr7uap000ves45o6w35qba,internal_or_ai_assisted_review_required,PREBUILT_AI_LIBRARY,,Lesson may contain resource links or AI-assisted text; review sourcePayload/reviewMetadata.
lesson,cmpdnfohx013cevu9qi18uk0t,internal_or_ai_assisted_review_required,PREBUILT_AI_LIBRARY,,Lesson may contain resource links or AI-assisted text; review sourcePayload/reviewMetadata.
lesson,cmpdnfrkl013kevu9alffqe61,internal_or_ai_assisted_review_required,PREBUILT_AI_LIBRARY,,Lesson may contain resource links or AI-assisted text; review sourcePayload/reviewMetadata.
lesson,cmpdraxs00018es456aypnpx3,internal_or_ai_assisted_review_required,PREBUILT_AI_LIBRARY,,Lesson may contain resource links or AI-assisted text; review sourcePayload/reviewMetadata.
lesson,cmpdrcx02001les451zrqsm0o,internal_or_ai_assisted_review_required,PREBUILT_AI_LIBRARY,,Lesson may contain resource links or AI-assisted text; review sourcePayload/reviewMetadata.
lesson,cmpdrg64e001yes45nah75zki,internal_or_ai_assisted_review_required,PREBUILT_AI_LIBRARY,,Lesson may contain resource links or AI-assisted text; review sourcePayload/reviewMetadata.
lesson,cmpdrgnnq0026es45b2sfw0z9,internal_or_ai_assisted_review_required,PREBUILT_AI_LIBRARY,,Lesson may contain resource links or AI-assisted text; review sourcePayload/reviewMetadata.
lesson,cmpdnmgiv013tevu9984wxcmm,internal_or_ai_assisted_review_required,PREBUILT_AI_LIBRARY,,Lesson may contain resource links or AI-assisted text; review sourcePayload/reviewMetadata.
lesson,cmpdrisev002ges453t4k53n8,internal_or_ai_assisted_review_required,PREBUILT_AI_LIBRARY,,Lesson may contain resource links or AI-assisted text; review sourcePayload/reviewMetadata.
lesson,cmpdrm51w002tes45uqe05i0h,internal_or_ai_assisted_review_required,PREBUILT_AI_LIBRARY,,Lesson may contain resource links or AI-assisted text; review sourcePayload/reviewMetadata.
lesson,cmpdrmsl00031es45m2wz2v99,internal_or_ai_assisted_review_required,PREBUILT_AI_LIBRARY,,Lesson may contain resource links or AI-assisted text; review sourcePayload/reviewMetadata.
lesson,cmpdrolvr0039es45s7sey9xw,internal_or_ai_assisted_review_required,PREBUILT_AI_LIBRARY,,Lesson may contain resource links or AI-assisted text; review sourcePayload/reviewMetadata.
lesson,cmpdrqfxf003hes45dl70s9qu,internal_or_ai_assisted_review_required,PREBUILT_AI_LIBRARY,,Lesson may contain resource links or AI-assisted text; review sourcePayload/reviewMetadata.
lesson,cmpdrt2ns003pes45axpwxi5b,internal_or_ai_assisted_review_required,PREBUILT_AI_LIBRARY,,Lesson may contain resource links or AI-assisted text; review sourcePayload/reviewMetadata.
lesson,cmpdrxi4u004des45g4827yja,internal_or_ai_assisted_review_required,PREBUILT_AI_LIBRARY,,Lesson may contain resource links or AI-assisted text; review sourcePayload/reviewMetadata.
lesson,cmpdrvfe40040es450k8999m4,internal_or_ai_assisted_review_required,PREBUILT_AI_LIBRARY,,Lesson may contain resource links or AI-assisted text; review sourcePayload/reviewMetadata.
lesson,cmpds1rq1004qes458ueo06yl,internal_or_ai_assisted_review_required,PREBUILT_AI_LIBRARY,,Lesson may contain resource links or AI-assisted text; review sourcePayload/reviewMetadata.
lesson,cmpds2q7q004yes458pm7m1ob,internal_or_ai_assisted_review_required,PREBUILT_AI_LIBRARY,,Lesson may contain resource links or AI-assisted text; review sourcePayload/reviewMetadata.
lesson,cmpds8ny0005bes45uzecfgra,internal_or_ai_assisted_review_required,PREBUILT_AI_LIBRARY,,Lesson may contain resource links or AI-assisted text; review sourcePayload/reviewMetadata.
lesson,cmpds9vvd005jes453b6w2xcy,internal_or_ai_assisted_review_required,PREBUILT_AI_LIBRARY,,Lesson may contain resource links or AI-assisted text; review sourcePayload/reviewMetadata.
lesson,cmpdsezgq005wes45e60xpxwf,internal_or_ai_assisted_review_required,PREBUILT_AI_LIBRARY,,Lesson may contain resource links or AI-assisted text; review sourcePayload/reviewMetadata.
lesson,cmpdsfj5z0064es45riauv7ez,internal_or_ai_assisted_review_required,PREBUILT_AI_LIBRARY,,Lesson may contain resource links or AI-assisted text; review sourcePayload/reviewMetadata.
lesson,cmpdsm05h006les45dbx0miny,internal_or_ai_assisted_review_required,PREBUILT_AI_LIBRARY,,Lesson may contain resource links or AI-assisted text; review sourcePayload/reviewMetadata.
lesson,cmpdsl5ti006des459upxtlim,internal_or_ai_assisted_review_required,PREBUILT_AI_LIBRARY,,Lesson may contain resource links or AI-assisted text; review sourcePayload/reviewMetadata.
lesson,cmpdsqtg0006yes45f93a94ql,internal_or_ai_assisted_review_required,PREBUILT_AI_LIBRARY,,Lesson may contain resource links or AI-assisted text; review sourcePayload/reviewMetadata.
lesson,cmpdsr0gj0076es45ogfn7m4a,internal_or_ai_assisted_review_required,PREBUILT_AI_LIBRARY,,Lesson may contain resource links or AI-assisted text; review sourcePayload/reviewMetadata.
lesson,cmpdsxgll007mes45pd6col7t,internal_or_ai_assisted_review_required,PREBUILT_AI_LIBRARY,,Lesson may contain resource links or AI-assisted text; review sourcePayload/reviewMetadata.
lesson,cmpdsvcwm007ees456x3aqfcu,internal_or_ai_assisted_review_required,PREBUILT_AI_LIBRARY,,Lesson may contain resource links or AI-assisted text; review sourcePayload/reviewMetadata.
lesson,cmpdt2374007yes45do5jjccj,internal_or_ai_assisted_review_required,PREBUILT_AI_LIBRARY,,Lesson may contain resource links or AI-assisted text; review sourcePayload/reviewMetadata.
lesson,cmpdt33r40086es45i2hx9gz5,internal_or_ai_assisted_review_required,PREBUILT_AI_LIBRARY,,Lesson may contain resource links or AI-assisted text; review sourcePayload/reviewMetadata.
lesson,cmpdt9btz008ges45o0h9shfu,internal_or_ai_assisted_review_required,PREBUILT_AI_LIBRARY,,Lesson may contain resource links or AI-assisted text; review sourcePayload/reviewMetadata.
lesson,cmpdt9xt5008oes45lld5j8ib,internal_or_ai_assisted_review_required,PREBUILT_AI_LIBRARY,,Lesson may contain resource links or AI-assisted text; review sourcePayload/reviewMetadata.
lesson,cmpdtgt4j009ces45flvdiw7p,internal_or_ai_assisted_review_required,PREBUILT_AI_LIBRARY,,Lesson may contain resource links or AI-assisted text; review sourcePayload/reviewMetadata.
lesson,cmpdtfb640094es459thxsnzj,internal_or_ai_assisted_review_required,PREBUILT_AI_LIBRARY,,Lesson may contain resource links or AI-assisted text; review sourcePayload/reviewMetadata.
lesson,cmpdtnbsf009nes45u4w4vz7z,internal_or_ai_assisted_review_required,PREBUILT_AI_LIBRARY,,Lesson may contain resource links or AI-assisted text; review sourcePayload/reviewMetadata.
lesson,cmpdtpwmz00a0es45czh5rfgk,internal_or_ai_assisted_review_required,PREBUILT_AI_LIBRARY,,Lesson may contain resource links or AI-assisted text; review sourcePayload/reviewMetadata.
lesson,cmpdtri4z00a8es450ep4u8gq,internal_or_ai_assisted_review_required,PREBUILT_AI_LIBRARY,,Lesson may contain resource links or AI-assisted text; review sourcePayload/reviewMetadata.
lesson,cmpdo4ai10142evu9v0tfvssp,internal_or_ai_assisted_review_required,PREBUILT_AI_LIBRARY,,Lesson may contain resource links or AI-assisted text; review sourcePayload/reviewMetadata.
lesson,cmpdtt4hh00ages45qrbhrz0u,internal_or_ai_assisted_review_required,PREBUILT_AI_LIBRARY,,Lesson may contain resource links or AI-assisted text; review sourcePayload/reviewMetadata.
lesson,cmpdtw12r00aoes45flc1te0a,internal_or_ai_assisted_review_required,PREBUILT_AI_LIBRARY,,Lesson may contain resource links or AI-assisted text; review sourcePayload/reviewMetadata.
lesson,cmpdtxj9t00awes45prcsuusn,internal_or_ai_assisted_review_required,PREBUILT_AI_LIBRARY,,Lesson may contain resource links or AI-assisted text; review sourcePayload/reviewMetadata.
lesson,cmpdtyiwy00b4es45hy6zgpak,internal_or_ai_assisted_review_required,PREBUILT_AI_LIBRARY,,Lesson may contain resource links or AI-assisted text; review sourcePayload/reviewMetadata.
lesson,cmpdu0yst00bhes45jqiyjonu,internal_or_ai_assisted_review_required,PREBUILT_AI_LIBRARY,,Lesson may contain resource links or AI-assisted text; review sourcePayload/reviewMetadata.
lesson,cmpdu4xtv00bues4512yda0la,internal_or_ai_assisted_review_required,PREBUILT_AI_LIBRARY,,Lesson may contain resource links or AI-assisted text; review sourcePayload/reviewMetadata.
lesson,cmpdu85qu00c7es45er2w1r62,internal_or_ai_assisted_review_required,PREBUILT_AI_LIBRARY,,Lesson may contain resource links or AI-assisted text; review sourcePayload/reviewMetadata.
lesson,cmpdu9nlm00cfes45m3bscx8k,internal_or_ai_assisted_review_required,PREBUILT_AI_LIBRARY,,Lesson may contain resource links or AI-assisted text; review sourcePayload/reviewMetadata.
