candidate_id,video_id,video_title,channel_name,platform,watch_url,embed_url,thumbnail_url,thumbnail_hd_url,duration_seconds,skill_id,skill_name,strand,text_type,ccss_tags,pa_core_tags,grade_level,grade_range_min,grade_range_max,tier,subject,collection_id,sequence_order,status,is_placeholder,discovered_at,source
1,wxpZGH3ht9Y,Main Idea and Supporting Details,The Bow Tie Guy and Wife,youtube,https://www.youtube.com/watch?v=wxpZGH3ht9Y,https://www.youtube.com/embed/wxpZGH3ht9Y,https://img.youtube.com/vi/wxpZGH3ht9Y/hqdefault.jpg,https://img.youtube.com/vi/wxpZGH3ht9Y/maxresdefault.jpg,240,main_idea_general,Main Idea & Supporting Details,RL/RI,general,RL.3.2|RI.3.2,CC.1.3.3.A|CC.1.2.3.A,3,3,3,on_grade,ELA,,,PENDING,,2026-05-13,standalone
2,xJGQIYU_xhs,Main Idea | English For Kids,Mind Blooming,youtube,https://www.youtube.com/watch?v=xJGQIYU_xhs,https://www.youtube.com/embed/xJGQIYU_xhs,https://img.youtube.com/vi/xJGQIYU_xhs/hqdefault.jpg,https://img.youtube.com/vi/xJGQIYU_xhs/maxresdefault.jpg,300,main_idea_general,Main Idea & Supporting Details,RL/RI,general,RL.3.2|RI.3.2,CC.1.3.3.A|CC.1.2.3.A,3,3,3,on_grade,ELA,,,PENDING,,2026-05-13,standalone
3,4swFGRhQoMI,What is a Main Idea?,Khan Academy,youtube,https://www.youtube.com/watch?v=4swFGRhQoMI,https://www.youtube.com/embed/4swFGRhQoMI,https://img.youtube.com/vi/4swFGRhQoMI/hqdefault.jpg,https://img.youtube.com/vi/4swFGRhQoMI/maxresdefault.jpg,300,main_idea_general,Main Idea & Supporting Details,RL/RI,general,RL.3.2|RI.3.2,CC.1.3.3.A|CC.1.2.3.A,3,3,3,on_grade,ELA,,,PENDING,,2026-05-13,standalone
4,mkZo2zVKJR4,Main Idea | Award-Winning Teaching Video,Teacher's Pet,youtube,https://www.youtube.com/watch?v=mkZo2zVKJR4,https://www.youtube.com/embed/mkZo2zVKJR4,https://img.youtube.com/vi/mkZo2zVKJR4/hqdefault.jpg,https://img.youtube.com/vi/mkZo2zVKJR4/maxresdefault.jpg,360,main_idea_general,Main Idea & Supporting Details,RL/RI,general,RL.3.2|RI.3.2,CC.1.3.3.A|CC.1.2.3.A,3,3,3,on_grade,ELA,,,PENDING,,2026-05-13,standalone
5,FtBwpToLBd0,Nonfiction Main Idea and Key Details for Kids,Twinkl Teaching Resources,youtube,https://www.youtube.com/watch?v=FtBwpToLBd0,https://www.youtube.com/embed/FtBwpToLBd0,https://img.youtube.com/vi/FtBwpToLBd0/hqdefault.jpg,https://img.youtube.com/vi/FtBwpToLBd0/maxresdefault.jpg,420,main_idea_general,Main Idea & Supporting Details,RL/RI,general,RL.3.2|RI.3.2,CC.1.3.3.A|CC.1.2.3.A,3,3,3,on_grade,ELA,,,PENDING,,2026-05-13,standalone
6,FtBwpToLBd0,Nonfiction Main Idea and Key Details for Kids,Twinkl Teaching Resources,youtube,https://www.youtube.com/watch?v=FtBwpToLBd0,https://www.youtube.com/embed/FtBwpToLBd0,https://img.youtube.com/vi/FtBwpToLBd0/hqdefault.jpg,https://img.youtube.com/vi/FtBwpToLBd0/maxresdefault.jpg,420,main_idea_nonfiction,Main Idea & Key Details (Nonfiction),RI,nonfiction,RI.3.2,CC.1.2.3.A,3,3,3,on_grade,ELA,,,PENDING,,2026-05-13,standalone
7,wxpZGH3ht9Y,Main Idea and Supporting Details,The Bow Tie Guy and Wife,youtube,https://www.youtube.com/watch?v=wxpZGH3ht9Y,https://www.youtube.com/embed/wxpZGH3ht9Y,https://img.youtube.com/vi/wxpZGH3ht9Y/hqdefault.jpg,https://img.youtube.com/vi/wxpZGH3ht9Y/maxresdefault.jpg,240,main_idea_nonfiction,Main Idea & Key Details (Nonfiction),RI,nonfiction,RI.3.2,CC.1.2.3.A,3,3,3,on_grade,ELA,,,PENDING,,2026-05-13,standalone
8,mkZo2zVKJR4,Main Idea | Award-Winning Teaching Video,Teacher's Pet,youtube,https://www.youtube.com/watch?v=mkZo2zVKJR4,https://www.youtube.com/embed/mkZo2zVKJR4,https://img.youtube.com/vi/mkZo2zVKJR4/hqdefault.jpg,https://img.youtube.com/vi/mkZo2zVKJR4/maxresdefault.jpg,360,main_idea_nonfiction,Main Idea & Key Details (Nonfiction),RI,nonfiction,RI.3.2,CC.1.2.3.A,3,3,3,on_grade,ELA,,,PENDING,,2026-05-13,standalone
9,4swFGRhQoMI,What is a Main Idea?,Khan Academy,youtube,https://www.youtube.com/watch?v=4swFGRhQoMI,https://www.youtube.com/embed/4swFGRhQoMI,https://img.youtube.com/vi/4swFGRhQoMI/hqdefault.jpg,https://img.youtube.com/vi/4swFGRhQoMI/maxresdefault.jpg,300,main_idea_nonfiction,Main Idea & Key Details (Nonfiction),RI,nonfiction,RI.3.2,CC.1.2.3.A,3,3,3,on_grade,ELA,,,PENDING,,2026-05-13,standalone
10,xJGQIYU_xhs,Main Idea | English For Kids,Mind Blooming,youtube,https://www.youtube.com/watch?v=xJGQIYU_xhs,https://www.youtube.com/embed/xJGQIYU_xhs,https://img.youtube.com/vi/xJGQIYU_xhs/hqdefault.jpg,https://img.youtube.com/vi/xJGQIYU_xhs/maxresdefault.jpg,300,main_idea_nonfiction,Main Idea & Key Details (Nonfiction),RI,nonfiction,RI.3.2,CC.1.2.3.A,3,3,3,on_grade,ELA,,,PENDING,,2026-05-13,standalone
11,wWYpj9aqTr0,Character Traits and Character Development Lesson,Various Educator,youtube,https://www.youtube.com/watch?v=wWYpj9aqTr0,https://www.youtube.com/embed/wWYpj9aqTr0,https://img.youtube.com/vi/wWYpj9aqTr0/hqdefault.jpg,https://img.youtube.com/vi/wWYpj9aqTr0/maxresdefault.jpg,300,character_traits,"Character Traits, Motivations & Feelings",RL,fiction,RL.3.3,CC.1.3.3.C,3,3,3,on_grade,ELA,,,PENDING,,2026-05-13,standalone
12,RUcaEJ3yANE,Mini Lesson for Character Traits,Various Educator,youtube,https://www.youtube.com/watch?v=RUcaEJ3yANE,https://www.youtube.com/embed/RUcaEJ3yANE,https://img.youtube.com/vi/RUcaEJ3yANE/hqdefault.jpg,https://img.youtube.com/vi/RUcaEJ3yANE/maxresdefault.jpg,240,character_traits,"Character Traits, Motivations & Feelings",RL,fiction,RL.3.3,CC.1.3.3.C,3,3,3,on_grade,ELA,,,PENDING,,2026-05-13,standalone
13,tcDwMeqk1Go,Character Traits | Major Events and Challenges,eSpark Learning,youtube,https://www.youtube.com/watch?v=tcDwMeqk1Go,https://www.youtube.com/embed/tcDwMeqk1Go,https://img.youtube.com/vi/tcDwMeqk1Go/hqdefault.jpg,https://img.youtube.com/vi/tcDwMeqk1Go/maxresdefault.jpg,360,character_traits,"Character Traits, Motivations & Feelings",RL,fiction,RL.3.3,CC.1.3.3.C,3,3,3,on_grade,ELA,,,PENDING,,2026-05-13,standalone
14,1rh3R8IUPdk,Character Motivation,Various Educator,youtube,https://www.youtube.com/watch?v=1rh3R8IUPdk,https://www.youtube.com/embed/1rh3R8IUPdk,https://img.youtube.com/vi/1rh3R8IUPdk/hqdefault.jpg,https://img.youtube.com/vi/1rh3R8IUPdk/maxresdefault.jpg,300,character_traits,"Character Traits, Motivations & Feelings",RL,fiction,RL.3.3,CC.1.3.3.C,3,3,3,on_grade,ELA,,,PENDING,,2026-05-13,standalone
15,tAjdk3-Q1qY,Understanding Characters,Various Educator,youtube,https://www.youtube.com/watch?v=tAjdk3-Q1qY,https://www.youtube.com/embed/tAjdk3-Q1qY,https://img.youtube.com/vi/tAjdk3-Q1qY/hqdefault.jpg,https://img.youtube.com/vi/tAjdk3-Q1qY/maxresdefault.jpg,300,character_traits,"Character Traits, Motivations & Feelings",RL,fiction,RL.3.3,CC.1.3.3.C,3,3,3,on_grade,ELA,,,PENDING,,2026-05-13,standalone
16,xwkKBIzpRXE,Theme | English For Kids,Mind Blooming,youtube,https://www.youtube.com/watch?v=xwkKBIzpRXE,https://www.youtube.com/embed/xwkKBIzpRXE,https://img.youtube.com/vi/xwkKBIzpRXE/hqdefault.jpg,https://img.youtube.com/vi/xwkKBIzpRXE/maxresdefault.jpg,300,theme_central_message,Theme / Central Message,RL,fiction,RL.3.2,CC.1.3.3.A,3,3,3,on_grade,ELA,,,PENDING,,2026-05-13,standalone
17,wGjCt9II4kM,Central Message/Moral,Various Educator,youtube,https://www.youtube.com/watch?v=wGjCt9II4kM,https://www.youtube.com/embed/wGjCt9II4kM,https://img.youtube.com/vi/wGjCt9II4kM/hqdefault.jpg,https://img.youtube.com/vi/wGjCt9II4kM/maxresdefault.jpg,300,theme_central_message,Theme / Central Message,RL,fiction,RL.3.2,CC.1.3.3.A,3,3,3,on_grade,ELA,,,PENDING,,2026-05-13,standalone
18,JNXzZVdw-Nk,Finding the Theme of a Story,Various Educator,youtube,https://www.youtube.com/watch?v=JNXzZVdw-Nk,https://www.youtube.com/embed/JNXzZVdw-Nk,https://img.youtube.com/vi/JNXzZVdw-Nk/hqdefault.jpg,https://img.youtube.com/vi/JNXzZVdw-Nk/maxresdefault.jpg,300,theme_central_message,Theme / Central Message,RL,fiction,RL.3.2,CC.1.3.3.A,3,3,3,on_grade,ELA,,,PENDING,,2026-05-13,standalone
19,9H6GCe7hmmA,The Only Way You Will Ever Need to Teach Theme,Various Educator,youtube,https://www.youtube.com/watch?v=9H6GCe7hmmA,https://www.youtube.com/embed/9H6GCe7hmmA,https://img.youtube.com/vi/9H6GCe7hmmA/hqdefault.jpg,https://img.youtube.com/vi/9H6GCe7hmmA/maxresdefault.jpg,480,theme_central_message,Theme / Central Message,RL,fiction,RL.3.2,CC.1.3.3.A,3,3,3,on_grade,ELA,,,PENDING,,2026-05-13,standalone
20,ClPsDpJH4uI,How to Teach Theme in Literature to Elementary Students,Various Educator,youtube,https://www.youtube.com/watch?v=ClPsDpJH4uI,https://www.youtube.com/embed/ClPsDpJH4uI,https://img.youtube.com/vi/ClPsDpJH4uI/hqdefault.jpg,https://img.youtube.com/vi/ClPsDpJH4uI/maxresdefault.jpg,360,theme_central_message,Theme / Central Message,RL,fiction,RL.3.2,CC.1.3.3.A,3,3,3,on_grade,ELA,,,PENDING,,2026-05-13,standalone
21,C2XYTlnfjgA,What is Theme?,Various Educator,youtube,https://www.youtube.com/watch?v=C2XYTlnfjgA,https://www.youtube.com/embed/C2XYTlnfjgA,https://img.youtube.com/vi/C2XYTlnfjgA/hqdefault.jpg,https://img.youtube.com/vi/C2XYTlnfjgA/maxresdefault.jpg,300,theme_central_message,Theme / Central Message,RL,fiction,RL.3.2,CC.1.3.3.A,3,3,3,on_grade,ELA,,,PENDING,,2026-05-13,standalone
22,otbzPmMatxs,"Story Structure: Beginning, Middle and End",Various Educator,youtube,https://www.youtube.com/watch?v=otbzPmMatxs,https://www.youtube.com/embed/otbzPmMatxs,https://img.youtube.com/vi/otbzPmMatxs/hqdefault.jpg,https://img.youtube.com/vi/otbzPmMatxs/maxresdefault.jpg,240,story_structure,Story Structure (Beginning / Middle / End),RL,fiction,RL.3.5,CC.1.3.3.E,3,3,3,on_grade,ELA,,,PENDING,,2026-05-13,standalone
23,CthhGIti2og,"Beginning, Middle and End of a Short Story",Various Educator,youtube,https://www.youtube.com/watch?v=CthhGIti2og,https://www.youtube.com/embed/CthhGIti2og,https://img.youtube.com/vi/CthhGIti2og/hqdefault.jpg,https://img.youtube.com/vi/CthhGIti2og/maxresdefault.jpg,300,story_structure,Story Structure (Beginning / Middle / End),RL,fiction,RL.3.5,CC.1.3.3.E,3,3,3,on_grade,ELA,,,PENDING,,2026-05-13,standalone
24,cYqmNO6gr2Y,"Writing a Story with Beginning, Middle, End",Various Educator,youtube,https://www.youtube.com/watch?v=cYqmNO6gr2Y,https://www.youtube.com/embed/cYqmNO6gr2Y,https://img.youtube.com/vi/cYqmNO6gr2Y/hqdefault.jpg,https://img.youtube.com/vi/cYqmNO6gr2Y/maxresdefault.jpg,300,story_structure,Story Structure (Beginning / Middle / End),RL,fiction,RL.3.5,CC.1.3.3.E,3,3,3,on_grade,ELA,,,PENDING,,2026-05-13,standalone
25,bS4bQ0gG8Oo,How to Retell a Story for Kids | Sequencing BME,Various Educator,youtube,https://www.youtube.com/watch?v=bS4bQ0gG8Oo,https://www.youtube.com/embed/bS4bQ0gG8Oo,https://img.youtube.com/vi/bS4bQ0gG8Oo/hqdefault.jpg,https://img.youtube.com/vi/bS4bQ0gG8Oo/maxresdefault.jpg,300,story_structure,Story Structure (Beginning / Middle / End),RL,fiction,RL.3.5,CC.1.3.3.E,3,3,3,on_grade,ELA,,,PENDING,,2026-05-13,standalone
26,BdJ-rfEnpF8,Narrators - How First and Third Person POV Shape Stories,Various Educator,youtube,https://www.youtube.com/watch?v=BdJ-rfEnpF8,https://www.youtube.com/embed/BdJ-rfEnpF8,https://img.youtube.com/vi/BdJ-rfEnpF8/hqdefault.jpg,https://img.youtube.com/vi/BdJ-rfEnpF8/maxresdefault.jpg,360,point_of_view,"Point of View (1st, 2nd, 3rd person)",RL,fiction,RL.3.6,CC.1.3.3.D,3,3,3,on_grade,ELA,,,PENDING,,2026-05-13,standalone
27,UX9u_NLP6hE,"Point of View Mini Lesson: 1st, 2nd, 3rd Person",Various Educator,youtube,https://www.youtube.com/watch?v=UX9u_NLP6hE,https://www.youtube.com/embed/UX9u_NLP6hE,https://img.youtube.com/vi/UX9u_NLP6hE/hqdefault.jpg,https://img.youtube.com/vi/UX9u_NLP6hE/maxresdefault.jpg,300,point_of_view,"Point of View (1st, 2nd, 3rd person)",RL,fiction,RL.3.6,CC.1.3.3.D,3,3,3,on_grade,ELA,,,PENDING,,2026-05-13,standalone
28,1lWNAtiru90,"Point of View Song - Teach 1st, 2nd, 3rd Person Perspective",Various Educator,youtube,https://www.youtube.com/watch?v=1lWNAtiru90,https://www.youtube.com/embed/1lWNAtiru90,https://img.youtube.com/vi/1lWNAtiru90/hqdefault.jpg,https://img.youtube.com/vi/1lWNAtiru90/maxresdefault.jpg,240,point_of_view,"Point of View (1st, 2nd, 3rd person)",RL,fiction,RL.3.6,CC.1.3.3.D,3,3,3,on_grade,ELA,,,PENDING,,2026-05-13,standalone
29,R-Z8r5sFa6k,"Point of View Part I - First, Second, and Third Person",Various Educator,youtube,https://www.youtube.com/watch?v=R-Z8r5sFa6k,https://www.youtube.com/embed/R-Z8r5sFa6k,https://img.youtube.com/vi/R-Z8r5sFa6k/hqdefault.jpg,https://img.youtube.com/vi/R-Z8r5sFa6k/maxresdefault.jpg,360,point_of_view,"Point of View (1st, 2nd, 3rd person)",RL,fiction,RL.3.6,CC.1.3.3.D,3,3,3,on_grade,ELA,,,PENDING,,2026-05-13,standalone
30,sThpnSEJacM,Point of View Explained: First Person vs Third Person,Various Educator,youtube,https://www.youtube.com/watch?v=sThpnSEJacM,https://www.youtube.com/embed/sThpnSEJacM,https://img.youtube.com/vi/sThpnSEJacM/hqdefault.jpg,https://img.youtube.com/vi/sThpnSEJacM/maxresdefault.jpg,300,point_of_view,"Point of View (1st, 2nd, 3rd person)",RL,fiction,RL.3.6,CC.1.3.3.D,3,3,3,on_grade,ELA,,,PENDING,,2026-05-13,standalone
31,5V3ZdTFxoX4,Similes and Metaphors for Kids,Homeschool Pop,youtube,https://www.youtube.com/watch?v=5V3ZdTFxoX4,https://www.youtube.com/embed/5V3ZdTFxoX4,https://img.youtube.com/vi/5V3ZdTFxoX4/hqdefault.jpg,https://img.youtube.com/vi/5V3ZdTFxoX4/maxresdefault.jpg,360,figurative_language,"Figurative Language (Similes, Metaphors, etc.)",RL/L,general,RL.3.4|L.3.5,CC.1.3.3.F|CC.1.2.3.J,3,3,3,on_grade,ELA,,,PENDING,,2026-05-13,standalone
32,yDOf299VYdU,Similes and Metaphors | Award Winning Teaching Video,Teacher's Pet,youtube,https://www.youtube.com/watch?v=yDOf299VYdU,https://www.youtube.com/embed/yDOf299VYdU,https://img.youtube.com/vi/yDOf299VYdU/hqdefault.jpg,https://img.youtube.com/vi/yDOf299VYdU/maxresdefault.jpg,360,figurative_language,"Figurative Language (Similes, Metaphors, etc.)",RL/L,general,RL.3.4|L.3.5,CC.1.3.3.F|CC.1.2.3.J,3,3,3,on_grade,ELA,,,PENDING,,2026-05-13,standalone
33,35PzoZWJpIM,"Figurative Language for Kids | Similes, Metaphors & Idioms",Various Educator,youtube,https://www.youtube.com/watch?v=35PzoZWJpIM,https://www.youtube.com/embed/35PzoZWJpIM,https://img.youtube.com/vi/35PzoZWJpIM/hqdefault.jpg,https://img.youtube.com/vi/35PzoZWJpIM/maxresdefault.jpg,420,figurative_language,"Figurative Language (Similes, Metaphors, etc.)",RL/L,general,RL.3.4|L.3.5,CC.1.3.3.F|CC.1.2.3.J,3,3,3,on_grade,ELA,,,PENDING,,2026-05-13,standalone
34,iLw5DSyYsaI,"Figurative Speech for Kids - Similes, Metaphors and Hyperboles",Various Educator,youtube,https://www.youtube.com/watch?v=iLw5DSyYsaI,https://www.youtube.com/embed/iLw5DSyYsaI,https://img.youtube.com/vi/iLw5DSyYsaI/hqdefault.jpg,https://img.youtube.com/vi/iLw5DSyYsaI/maxresdefault.jpg,360,figurative_language,"Figurative Language (Similes, Metaphors, etc.)",RL/L,general,RL.3.4|L.3.5,CC.1.3.3.F|CC.1.2.3.J,3,3,3,on_grade,ELA,,,PENDING,,2026-05-13,standalone
35,NegoYIuXoEA,"Metaphor, Simile, Personification, Hyperbole",Various Educator,youtube,https://www.youtube.com/watch?v=NegoYIuXoEA,https://www.youtube.com/embed/NegoYIuXoEA,https://img.youtube.com/vi/NegoYIuXoEA/hqdefault.jpg,https://img.youtube.com/vi/NegoYIuXoEA/maxresdefault.jpg,420,figurative_language,"Figurative Language (Similes, Metaphors, etc.)",RL/L,general,RL.3.4|L.3.5,CC.1.3.3.F|CC.1.2.3.J,3,3,3,on_grade,ELA,,,PENDING,,2026-05-13,standalone
36,PKy5yb7CV4k,"Identifying Text Features - Titles, Headings, Table of Contents",Various Educator,youtube,https://www.youtube.com/watch?v=PKy5yb7CV4k,https://www.youtube.com/embed/PKy5yb7CV4k,https://img.youtube.com/vi/PKy5yb7CV4k/hqdefault.jpg,https://img.youtube.com/vi/PKy5yb7CV4k/maxresdefault.jpg,360,text_features,Nonfiction Text Features,RI,nonfiction,RI.3.5,CC.1.2.3.E,3,3,3,on_grade,ELA,,,PENDING,,2026-05-13,standalone
37,M0c97fdvK7c,"Nonfiction Text Features | Captions, Headings, Glossaries",eSpark Learning,youtube,https://www.youtube.com/watch?v=M0c97fdvK7c,https://www.youtube.com/embed/M0c97fdvK7c,https://img.youtube.com/vi/M0c97fdvK7c/hqdefault.jpg,https://img.youtube.com/vi/M0c97fdvK7c/maxresdefault.jpg,300,text_features,Nonfiction Text Features,RI,nonfiction,RI.3.5,CC.1.2.3.E,3,3,3,on_grade,ELA,,,PENDING,,2026-05-13,standalone
38,GQ03w1Igolc,Nonfiction Text Features | Jack Hartmann,Jack Hartmann,youtube,https://www.youtube.com/watch?v=GQ03w1Igolc,https://www.youtube.com/embed/GQ03w1Igolc,https://img.youtube.com/vi/GQ03w1Igolc/hqdefault.jpg,https://img.youtube.com/vi/GQ03w1Igolc/maxresdefault.jpg,240,text_features,Nonfiction Text Features,RI,nonfiction,RI.3.5,CC.1.2.3.E,3,3,3,on_grade,ELA,,,PENDING,,2026-05-13,standalone
39,y03gQNA2PgE,Nonfiction Text Features,Various Educator,youtube,https://www.youtube.com/watch?v=y03gQNA2PgE,https://www.youtube.com/embed/y03gQNA2PgE,https://img.youtube.com/vi/y03gQNA2PgE/hqdefault.jpg,https://img.youtube.com/vi/y03gQNA2PgE/maxresdefault.jpg,300,text_features,Nonfiction Text Features,RI,nonfiction,RI.3.5,CC.1.2.3.E,3,3,3,on_grade,ELA,,,PENDING,,2026-05-13,standalone
40,vAM36m6vRW8,Text Features,Various Educator,youtube,https://www.youtube.com/watch?v=vAM36m6vRW8,https://www.youtube.com/embed/vAM36m6vRW8,https://img.youtube.com/vi/vAM36m6vRW8/hqdefault.jpg,https://img.youtube.com/vi/vAM36m6vRW8/maxresdefault.jpg,240,text_features,Nonfiction Text Features,RI,nonfiction,RI.3.5,CC.1.2.3.E,3,3,3,on_grade,ELA,,,PENDING,,2026-05-13,standalone
41,7kWGQ-_ipBY,The 5 Types of Text Structure | Educational Rap,Various Educator,youtube,https://www.youtube.com/watch?v=7kWGQ-_ipBY,https://www.youtube.com/embed/7kWGQ-_ipBY,https://img.youtube.com/vi/7kWGQ-_ipBY/hqdefault.jpg,https://img.youtube.com/vi/7kWGQ-_ipBY/maxresdefault.jpg,240,text_structure,"Text Structure (Compare/Contrast, Cause/Effect, Sequence)",RI,nonfiction,RI.3.8,CC.1.2.3.E,3,3,3,on_grade,ELA,,,PENDING,,2026-05-13,standalone
42,7PjV2hcxsAY,Text Structure Mini Lesson,Various Educator,youtube,https://www.youtube.com/watch?v=7PjV2hcxsAY,https://www.youtube.com/embed/7PjV2hcxsAY,https://img.youtube.com/vi/7PjV2hcxsAY/hqdefault.jpg,https://img.youtube.com/vi/7PjV2hcxsAY/maxresdefault.jpg,360,text_structure,"Text Structure (Compare/Contrast, Cause/Effect, Sequence)",RI,nonfiction,RI.3.8,CC.1.2.3.E,3,3,3,on_grade,ELA,,,PENDING,,2026-05-13,standalone
43,5BxPg8LsSdQ,Cause and Effect Text Structure Nonfiction Texts for Kids,Various Educator,youtube,https://www.youtube.com/watch?v=5BxPg8LsSdQ,https://www.youtube.com/embed/5BxPg8LsSdQ,https://img.youtube.com/vi/5BxPg8LsSdQ/hqdefault.jpg,https://img.youtube.com/vi/5BxPg8LsSdQ/maxresdefault.jpg,360,text_structure,"Text Structure (Compare/Contrast, Cause/Effect, Sequence)",RI,nonfiction,RI.3.8,CC.1.2.3.E,3,3,3,on_grade,ELA,,,PENDING,,2026-05-13,standalone
44,7WRBv8cTZ5o,How to Identify Text Structure,Various Educator,youtube,https://www.youtube.com/watch?v=7WRBv8cTZ5o,https://www.youtube.com/embed/7WRBv8cTZ5o,https://img.youtube.com/vi/7WRBv8cTZ5o/hqdefault.jpg,https://img.youtube.com/vi/7WRBv8cTZ5o/maxresdefault.jpg,360,text_structure,"Text Structure (Compare/Contrast, Cause/Effect, Sequence)",RI,nonfiction,RI.3.8,CC.1.2.3.E,3,3,3,on_grade,ELA,,,PENDING,,2026-05-13,standalone
45,D0YUpfLofgQ,The Structures of Informational Texts,Khan Academy,youtube,https://www.youtube.com/watch?v=D0YUpfLofgQ,https://www.youtube.com/embed/D0YUpfLofgQ,https://img.youtube.com/vi/D0YUpfLofgQ/hqdefault.jpg,https://img.youtube.com/vi/D0YUpfLofgQ/maxresdefault.jpg,360,text_structure,"Text Structure (Compare/Contrast, Cause/Effect, Sequence)",RI,nonfiction,RI.3.8,CC.1.2.3.E,3,3,3,on_grade,ELA,,,PENDING,,2026-05-13,standalone
46,Sr9MU0xuW5M,Author's Purpose with PIE,Various Educator,youtube,https://www.youtube.com/watch?v=Sr9MU0xuW5M,https://www.youtube.com/embed/Sr9MU0xuW5M,https://img.youtube.com/vi/Sr9MU0xuW5M/hqdefault.jpg,https://img.youtube.com/vi/Sr9MU0xuW5M/maxresdefault.jpg,240,authors_purpose,Author's Purpose (PIE),RI,general,RI.3.6|RI.3.8,CC.1.2.3.D,3,3,3,on_grade,ELA,,,PENDING,,2026-05-13,standalone
47,pGmR1HiW9H0,Finding the Authors Purpose with P.I.E.,Various Educator,youtube,https://www.youtube.com/watch?v=pGmR1HiW9H0,https://www.youtube.com/embed/pGmR1HiW9H0,https://img.youtube.com/vi/pGmR1HiW9H0/hqdefault.jpg,https://img.youtube.com/vi/pGmR1HiW9H0/maxresdefault.jpg,300,authors_purpose,Author's Purpose (PIE),RI,general,RI.3.6|RI.3.8,CC.1.2.3.D,3,3,3,on_grade,ELA,,,PENDING,,2026-05-13,standalone
48,Ab6Ibi6EJrc,"Author's Purpose PIE'ED Persuade, Inform, Explain, Entertain, Describe",Various Educator,youtube,https://www.youtube.com/watch?v=Ab6Ibi6EJrc,https://www.youtube.com/embed/Ab6Ibi6EJrc,https://img.youtube.com/vi/Ab6Ibi6EJrc/hqdefault.jpg,https://img.youtube.com/vi/Ab6Ibi6EJrc/maxresdefault.jpg,360,authors_purpose,Author's Purpose (PIE),RI,general,RI.3.6|RI.3.8,CC.1.2.3.D,3,3,3,on_grade,ELA,,,PENDING,,2026-05-13,standalone
49,a2UbeSDl-5A,Author's Purpose Song - PIE,Mr. Jake Scott,youtube,https://www.youtube.com/watch?v=a2UbeSDl-5A,https://www.youtube.com/embed/a2UbeSDl-5A,https://img.youtube.com/vi/a2UbeSDl-5A/hqdefault.jpg,https://img.youtube.com/vi/a2UbeSDl-5A/maxresdefault.jpg,180,authors_purpose,Author's Purpose (PIE),RI,general,RI.3.6|RI.3.8,CC.1.2.3.D,3,3,3,on_grade,ELA,,,PENDING,,2026-05-13,standalone
50,1T7vrWYjVm8,Author's Purpose Song for Kids,Various Educator,youtube,https://www.youtube.com/watch?v=1T7vrWYjVm8,https://www.youtube.com/embed/1T7vrWYjVm8,https://img.youtube.com/vi/1T7vrWYjVm8/hqdefault.jpg,https://img.youtube.com/vi/1T7vrWYjVm8/maxresdefault.jpg,180,authors_purpose,Author's Purpose (PIE),RI,general,RI.3.6|RI.3.8,CC.1.2.3.D,3,3,3,on_grade,ELA,,,PENDING,,2026-05-13,standalone
51,CiNggzdWkIo,Using Context Clues to Figure Out New Words,Khan Academy,youtube,https://www.youtube.com/watch?v=CiNggzdWkIo,https://www.youtube.com/embed/CiNggzdWkIo,https://img.youtube.com/vi/CiNggzdWkIo/hqdefault.jpg,https://img.youtube.com/vi/CiNggzdWkIo/maxresdefault.jpg,300,context_clues,Context Clues for Unknown Words,RI/L,general,RI.3.4|L.3.4,CC.1.2.3.F|CC.1.3.3.I,3,3,3,on_grade,ELA,,,PENDING,,2026-05-13,standalone
52,CyK01USxdg0,Context Clues | Award Winning Teaching Video,Teacher's Pet,youtube,https://www.youtube.com/watch?v=CyK01USxdg0,https://www.youtube.com/embed/CyK01USxdg0,https://img.youtube.com/vi/CyK01USxdg0/hqdefault.jpg,https://img.youtube.com/vi/CyK01USxdg0/maxresdefault.jpg,360,context_clues,Context Clues for Unknown Words,RI/L,general,RI.3.4|L.3.4,CC.1.2.3.F|CC.1.3.3.I,3,3,3,on_grade,ELA,,,PENDING,,2026-05-13,standalone
53,eHCpJ86XDY4,Context Clues | English For Kids,Mind Blooming,youtube,https://www.youtube.com/watch?v=eHCpJ86XDY4,https://www.youtube.com/embed/eHCpJ86XDY4,https://img.youtube.com/vi/eHCpJ86XDY4/hqdefault.jpg,https://img.youtube.com/vi/eHCpJ86XDY4/maxresdefault.jpg,300,context_clues,Context Clues for Unknown Words,RI/L,general,RI.3.4|L.3.4,CC.1.2.3.F|CC.1.3.3.I,3,3,3,on_grade,ELA,,,PENDING,,2026-05-13,standalone
54,YLyakGWuwhU,Context Clues for Kids | 4 Types of Context Clues,Various Educator,youtube,https://www.youtube.com/watch?v=YLyakGWuwhU,https://www.youtube.com/embed/YLyakGWuwhU,https://img.youtube.com/vi/YLyakGWuwhU/hqdefault.jpg,https://img.youtube.com/vi/YLyakGWuwhU/maxresdefault.jpg,360,context_clues,Context Clues for Unknown Words,RI/L,general,RI.3.4|L.3.4,CC.1.2.3.F|CC.1.3.3.I,3,3,3,on_grade,ELA,,,PENDING,,2026-05-13,standalone
55,s45HnObX24w,Vocabulary: Context Clues,Various Educator,youtube,https://www.youtube.com/watch?v=s45HnObX24w,https://www.youtube.com/embed/s45HnObX24w,https://img.youtube.com/vi/s45HnObX24w/hqdefault.jpg,https://img.youtube.com/vi/s45HnObX24w/maxresdefault.jpg,240,context_clues,Context Clues for Unknown Words,RI/L,general,RI.3.4|L.3.4,CC.1.2.3.F|CC.1.3.3.I,3,3,3,on_grade,ELA,,,PENDING,,2026-05-13,standalone
56,7C8CZjcnIq4,Asking and Answering Questions (3.RI Quest 1),eSpark Learning,youtube,https://www.youtube.com/watch?v=7C8CZjcnIq4,https://www.youtube.com/embed/7C8CZjcnIq4,https://img.youtube.com/vi/7C8CZjcnIq4/hqdefault.jpg,https://img.youtube.com/vi/7C8CZjcnIq4/maxresdefault.jpg,360,asking_questions,Asking & Answering Questions About a Text,RL/RI,general,RL.3.1|RI.3.1,CC.1.2.3.B|CC.1.3.3.B,3,3,3,on_grade,ELA,,,PENDING,,2026-05-13,standalone
57,C2fWZHaNugc,Asking and Answering Questions About a Story,Various Educator,youtube,https://www.youtube.com/watch?v=C2fWZHaNugc,https://www.youtube.com/embed/C2fWZHaNugc,https://img.youtube.com/vi/C2fWZHaNugc/hqdefault.jpg,https://img.youtube.com/vi/C2fWZHaNugc/maxresdefault.jpg,360,asking_questions,Asking & Answering Questions About a Text,RL/RI,general,RL.3.1|RI.3.1,CC.1.2.3.B|CC.1.3.3.B,3,3,3,on_grade,ELA,,,PENDING,,2026-05-13,standalone
58,Sd1FlXxpVIw,"Before, During and After Questions",Various Educator,youtube,https://www.youtube.com/watch?v=Sd1FlXxpVIw,https://www.youtube.com/embed/Sd1FlXxpVIw,https://img.youtube.com/vi/Sd1FlXxpVIw/hqdefault.jpg,https://img.youtube.com/vi/Sd1FlXxpVIw/maxresdefault.jpg,420,asking_questions,Asking & Answering Questions About a Text,RL/RI,general,RL.3.1|RI.3.1,CC.1.2.3.B|CC.1.3.3.B,3,3,3,on_grade,ELA,,,PENDING,,2026-05-13,standalone
59,MtvO1XsoZdE,Asking and Answering Questions | 2nd Grade,eSpark Learning,youtube,https://www.youtube.com/watch?v=MtvO1XsoZdE,https://www.youtube.com/embed/MtvO1XsoZdE,https://img.youtube.com/vi/MtvO1XsoZdE/hqdefault.jpg,https://img.youtube.com/vi/MtvO1XsoZdE/maxresdefault.jpg,300,asking_questions,Asking & Answering Questions About a Text,RL/RI,general,RL.3.1|RI.3.1,CC.1.2.3.B|CC.1.3.3.B,3,3,3,on_grade,ELA,,,PENDING,,2026-05-13,standalone
60,O8ruJltxsBA,Making Inferences Part #1 | 3rd Grade Reading,Teaching In Room 9,youtube,https://www.youtube.com/watch?v=O8ruJltxsBA,https://www.youtube.com/embed/O8ruJltxsBA,https://img.youtube.com/vi/O8ruJltxsBA/hqdefault.jpg,https://img.youtube.com/vi/O8ruJltxsBA/maxresdefault.jpg,720,inferences,Making Inferences,RL/RI,general,RL.3.1|RI.3.1,CC.1.3.3.B,3,3,3,on_grade,ELA,,,PENDING,,2026-05-13,standalone
61,INFWXZ_tl4M,Making Inferences in Literary Texts,Khan Academy,youtube,https://www.youtube.com/watch?v=INFWXZ_tl4M,https://www.youtube.com/embed/INFWXZ_tl4M,https://img.youtube.com/vi/INFWXZ_tl4M/hqdefault.jpg,https://img.youtube.com/vi/INFWXZ_tl4M/maxresdefault.jpg,360,inferences,Making Inferences,RL/RI,general,RL.3.1|RI.3.1,CC.1.3.3.B,3,3,3,on_grade,ELA,,,PENDING,,2026-05-13,standalone
62,JdaD2FZQFEY,Inferences | Award Winning Inferences Teaching Video,Teacher's Pet,youtube,https://www.youtube.com/watch?v=JdaD2FZQFEY,https://www.youtube.com/embed/JdaD2FZQFEY,https://img.youtube.com/vi/JdaD2FZQFEY/hqdefault.jpg,https://img.youtube.com/vi/JdaD2FZQFEY/maxresdefault.jpg,360,inferences,Making Inferences,RL/RI,general,RL.3.1|RI.3.1,CC.1.3.3.B,3,3,3,on_grade,ELA,,,PENDING,,2026-05-13,standalone
63,M3ZKbnBw7NY,Making Inferences for Kids,Various Educator,youtube,https://www.youtube.com/watch?v=M3ZKbnBw7NY,https://www.youtube.com/embed/M3ZKbnBw7NY,https://img.youtube.com/vi/M3ZKbnBw7NY/hqdefault.jpg,https://img.youtube.com/vi/M3ZKbnBw7NY/maxresdefault.jpg,300,inferences,Making Inferences,RL/RI,general,RL.3.1|RI.3.1,CC.1.3.3.B,3,3,3,on_grade,ELA,,,PENDING,,2026-05-13,standalone
64,kZbI-7czqp0,Making Inferences,Various Educator,youtube,https://www.youtube.com/watch?v=kZbI-7czqp0,https://www.youtube.com/embed/kZbI-7czqp0,https://img.youtube.com/vi/kZbI-7czqp0/hqdefault.jpg,https://img.youtube.com/vi/kZbI-7czqp0/maxresdefault.jpg,300,inferences,Making Inferences,RL/RI,general,RL.3.1|RI.3.1,CC.1.3.3.B,3,3,3,on_grade,ELA,,,PENDING,,2026-05-13,standalone
65,Bi8RnDjELdc,"Summarizing: Somebody, Wanted, But, So, Then",Various Educator,youtube,https://www.youtube.com/watch?v=Bi8RnDjELdc,https://www.youtube.com/embed/Bi8RnDjELdc,https://img.youtube.com/vi/Bi8RnDjELdc/hqdefault.jpg,https://img.youtube.com/vi/Bi8RnDjELdc/maxresdefault.jpg,360,summarizing,Summarizing (SWBST),RL/RI,general,RL.3.2|RI.3.2,CC.1.3.3.A|CC.1.2.3.A,3,3,3,on_grade,ELA,,,PENDING,,2026-05-13,standalone
66,N6EMIaoE9_Q,Somebody Wanted But So Then - A Summarizing Song,Mr. Jake Scott,youtube,https://www.youtube.com/watch?v=N6EMIaoE9_Q,https://www.youtube.com/embed/N6EMIaoE9_Q,https://img.youtube.com/vi/N6EMIaoE9_Q/hqdefault.jpg,https://img.youtube.com/vi/N6EMIaoE9_Q/maxresdefault.jpg,180,summarizing,Summarizing (SWBST),RL/RI,general,RL.3.2|RI.3.2,CC.1.3.3.A|CC.1.2.3.A,3,3,3,on_grade,ELA,,,PENDING,,2026-05-13,standalone
67,HXTciF6Pov8,"Summarizing Somebody, Wanted, But, So, Then Lesson",Various Educator,youtube,https://www.youtube.com/watch?v=HXTciF6Pov8,https://www.youtube.com/embed/HXTciF6Pov8,https://img.youtube.com/vi/HXTciF6Pov8/hqdefault.jpg,https://img.youtube.com/vi/HXTciF6Pov8/maxresdefault.jpg,420,summarizing,Summarizing (SWBST),RL/RI,general,RL.3.2|RI.3.2,CC.1.3.3.A|CC.1.2.3.A,3,3,3,on_grade,ELA,,,PENDING,,2026-05-13,standalone
68,rqRJDybKczI,Summarizing using SWBST,Various Educator,youtube,https://www.youtube.com/watch?v=rqRJDybKczI,https://www.youtube.com/embed/rqRJDybKczI,https://img.youtube.com/vi/rqRJDybKczI/hqdefault.jpg,https://img.youtube.com/vi/rqRJDybKczI/maxresdefault.jpg,300,summarizing,Summarizing (SWBST),RL/RI,general,RL.3.2|RI.3.2,CC.1.3.3.A|CC.1.2.3.A,3,3,3,on_grade,ELA,,,PENDING,,2026-05-13,standalone
69,oS44C14jEeM,Summarizing Fiction,Various Educator,youtube,https://www.youtube.com/watch?v=oS44C14jEeM,https://www.youtube.com/embed/oS44C14jEeM,https://img.youtube.com/vi/oS44C14jEeM/hqdefault.jpg,https://img.youtube.com/vi/oS44C14jEeM/maxresdefault.jpg,360,summarizing,Summarizing (SWBST),RL/RI,general,RL.3.2|RI.3.2,CC.1.3.3.A|CC.1.2.3.A,3,3,3,on_grade,ELA,,,PENDING,,2026-05-13,standalone
70,DwdDClWP6i4,Fact or Opinion for Kids (Updated),Various Educator,youtube,https://www.youtube.com/watch?v=DwdDClWP6i4,https://www.youtube.com/embed/DwdDClWP6i4,https://img.youtube.com/vi/DwdDClWP6i4/hqdefault.jpg,https://img.youtube.com/vi/DwdDClWP6i4/maxresdefault.jpg,300,fact_opinion,Fact vs. Opinion,RI,nonfiction,RI.3.8,CC.1.2.3.H,3,3,3,on_grade,ELA,,,PENDING,,2026-05-13,standalone
71,VJhciALHdwY,Fact and Opinion | English For Kids,Mind Blooming,youtube,https://www.youtube.com/watch?v=VJhciALHdwY,https://www.youtube.com/embed/VJhciALHdwY,https://img.youtube.com/vi/VJhciALHdwY/hqdefault.jpg,https://img.youtube.com/vi/VJhciALHdwY/maxresdefault.jpg,300,fact_opinion,Fact vs. Opinion,RI,nonfiction,RI.3.8,CC.1.2.3.H,3,3,3,on_grade,ELA,,,PENDING,,2026-05-13,standalone
72,CuK0AX9nXgw,Fact and Opinion | Award Winning Teaching Video,Teacher's Pet,youtube,https://www.youtube.com/watch?v=CuK0AX9nXgw,https://www.youtube.com/embed/CuK0AX9nXgw,https://img.youtube.com/vi/CuK0AX9nXgw/hqdefault.jpg,https://img.youtube.com/vi/CuK0AX9nXgw/maxresdefault.jpg,360,fact_opinion,Fact vs. Opinion,RI,nonfiction,RI.3.8,CC.1.2.3.H,3,3,3,on_grade,ELA,,,PENDING,,2026-05-13,standalone
73,iRI33jg4NFo,Fact or Opinion for Kids in English | Game and Teaching Video,Various Educator,youtube,https://www.youtube.com/watch?v=iRI33jg4NFo,https://www.youtube.com/embed/iRI33jg4NFo,https://img.youtube.com/vi/iRI33jg4NFo/hqdefault.jpg,https://img.youtube.com/vi/iRI33jg4NFo/maxresdefault.jpg,420,fact_opinion,Fact vs. Opinion,RI,nonfiction,RI.3.8,CC.1.2.3.H,3,3,3,on_grade,ELA,,,PENDING,,2026-05-13,standalone
74,PE_TPYdCssA,Fact and Opinion for Kids | What Is the Difference?,Various Educator,youtube,https://www.youtube.com/watch?v=PE_TPYdCssA,https://www.youtube.com/embed/PE_TPYdCssA,https://img.youtube.com/vi/PE_TPYdCssA/hqdefault.jpg,https://img.youtube.com/vi/PE_TPYdCssA/maxresdefault.jpg,300,fact_opinion,Fact vs. Opinion,RI,nonfiction,RI.3.8,CC.1.2.3.H,3,3,3,on_grade,ELA,,,PENDING,,2026-05-13,standalone
75,,Introduction to Language Arts: Level D,Miacademy & MiaPrep Learning Channel,youtube,,,,,,course_intro,Course Introduction,n/a,general,,,3,3,3,on_grade,ELA,miacademy_level_d_revised_2025,1,PENDING_VERIFICATION,True,2026-05-13,miacademy_level_d_revised_2025
76,,Common & Proper Nouns,Miacademy & MiaPrep Learning Channel,youtube,,,,,,nouns_common_proper,Common & Proper Nouns,L,general,L.3.1a,CC.1.4.3.F,3,3,3,on_grade,ELA,miacademy_level_d_revised_2025,2,PENDING_VERIFICATION,True,2026-05-13,miacademy_level_d_revised_2025
77,,Plural Nouns – Ending in S and ES,Miacademy & MiaPrep Learning Channel,youtube,,,,,,nouns_plural_regular,Plural Nouns (Regular),L,general,L.3.1b|L.3.2e,CC.1.4.3.F,3,3,3,on_grade,ELA,miacademy_level_d_revised_2025,3,PENDING_VERIFICATION,True,2026-05-13,miacademy_level_d_revised_2025
78,,"Plural Nouns – Ending in VES, IES, YS",Miacademy & MiaPrep Learning Channel,youtube,,,,,,nouns_plural_regular,Plural Nouns (Regular),L,general,L.3.1b|L.3.2e,CC.1.4.3.F,3,3,3,on_grade,ELA,miacademy_level_d_revised_2025,4,PENDING_VERIFICATION,True,2026-05-13,miacademy_level_d_revised_2025
79,,Irregular Plural Nouns,Miacademy & MiaPrep Learning Channel,youtube,,,,,,nouns_plural_irregular,Plural Nouns (Irregular),L,general,L.3.1b,CC.1.4.3.F,3,3,3,on_grade,ELA,miacademy_level_d_revised_2025,5,PENDING_VERIFICATION,True,2026-05-13,miacademy_level_d_revised_2025
80,,Possessive Nouns,Miacademy & MiaPrep Learning Channel,youtube,,,,,,nouns_possessive,Possessive Nouns,L,general,L.3.2d,CC.1.4.3.F,3,3,3,on_grade,ELA,miacademy_level_d_revised_2025,6,PENDING_VERIFICATION,True,2026-05-13,miacademy_level_d_revised_2025
81,,Concrete & Abstract Nouns,Miacademy & MiaPrep Learning Channel,youtube,,,,,,nouns_concrete_abstract,Concrete & Abstract Nouns,L,general,L.3.3,CC.1.4.3.F,3,3,3,on_grade,ELA,miacademy_level_d_revised_2025,7,PENDING_VERIFICATION,True,2026-05-13,miacademy_level_d_revised_2025
82,,Collective Nouns,Miacademy & MiaPrep Learning Channel,youtube,,,,,,nouns_common_proper,Common & Proper Nouns,L,general,L.3.1a,CC.1.4.3.F,3,3,3,on_grade,ELA,miacademy_level_d_revised_2025,8,PENDING_VERIFICATION,True,2026-05-13,miacademy_level_d_revised_2025
83,,Noun Review,Miacademy & MiaPrep Learning Channel,youtube,,,,,,nouns_common_proper,Common & Proper Nouns,L,general,L.3.1a,CC.1.4.3.F,3,3,3,on_grade,ELA,miacademy_level_d_revised_2025,9,PENDING_VERIFICATION,True,2026-05-13,miacademy_level_d_revised_2025
84,,Action Verbs,Miacademy & MiaPrep Learning Channel,youtube,,,,,,verbs_action,Action Verbs,L,general,L.3.1a,CC.1.4.3.F,3,3,3,on_grade,ELA,miacademy_level_d_revised_2025,10,PENDING_VERIFICATION,True,2026-05-13,miacademy_level_d_revised_2025
85,,Linking Verbs,Miacademy & MiaPrep Learning Channel,youtube,,,,,,verbs_action,Action Verbs,L,general,L.3.1a,CC.1.4.3.F,3,3,3,on_grade,ELA,miacademy_level_d_revised_2025,11,PENDING_VERIFICATION,True,2026-05-13,miacademy_level_d_revised_2025
86,,Verb Tenses: Present,Miacademy & MiaPrep Learning Channel,youtube,,,,,,verbs_tenses,Verb Tenses (Past/Present/Future),L,general,L.3.1e,CC.1.4.3.F,3,3,3,on_grade,ELA,miacademy_level_d_revised_2025,12,PENDING_VERIFICATION,True,2026-05-13,miacademy_level_d_revised_2025
87,,Verb Tenses: Past,Miacademy & MiaPrep Learning Channel,youtube,,,,,,verbs_tenses,Verb Tenses (Past/Present/Future),L,general,L.3.1e,CC.1.4.3.F,3,3,3,on_grade,ELA,miacademy_level_d_revised_2025,13,PENDING_VERIFICATION,True,2026-05-13,miacademy_level_d_revised_2025
88,,Irregular Past Tense Verbs,Miacademy & MiaPrep Learning Channel,youtube,,,,,,verbs_irregular,Irregular Verbs,L,general,L.3.1d,CC.1.4.3.F,3,3,3,on_grade,ELA,miacademy_level_d_revised_2025,14,PENDING_VERIFICATION,True,2026-05-13,miacademy_level_d_revised_2025
89,,Subject-Verb Agreement,Miacademy & MiaPrep Learning Channel,youtube,,,,,,verbs_subject_agreement,Subject-Verb Agreement,L,general,L.3.1f,CC.1.4.3.F,3,3,3,on_grade,ELA,miacademy_level_d_revised_2025,15,PENDING_VERIFICATION,True,2026-05-13,miacademy_level_d_revised_2025
90,,Adjectives,Miacademy & MiaPrep Learning Channel,youtube,,,,,,adjectives,Adjectives,L,general,L.3.1a,CC.1.4.3.F,3,3,3,on_grade,ELA,miacademy_level_d_revised_2025,16,PENDING_VERIFICATION,True,2026-05-13,miacademy_level_d_revised_2025
91,,Comparative Adjectives,Miacademy & MiaPrep Learning Channel,youtube,,,,,,adjectives_comparative,Comparative & Superlative Adjectives,L,general,L.3.1g,CC.1.4.3.F,3,3,3,on_grade,ELA,miacademy_level_d_revised_2025,17,PENDING_VERIFICATION,True,2026-05-13,miacademy_level_d_revised_2025
92,,Superlative Adjectives,Miacademy & MiaPrep Learning Channel,youtube,,,,,,adjectives_comparative,Comparative & Superlative Adjectives,L,general,L.3.1g,CC.1.4.3.F,3,3,3,on_grade,ELA,miacademy_level_d_revised_2025,18,PENDING_VERIFICATION,True,2026-05-13,miacademy_level_d_revised_2025
93,,Subject Pronouns,Miacademy & MiaPrep Learning Channel,youtube,,,,,,pronouns,"Pronouns (Subject, Object, Possessive)",L,general,L.3.1a|L.3.1f,CC.1.4.3.F,3,3,3,on_grade,ELA,miacademy_level_d_revised_2025,19,PENDING_VERIFICATION,True,2026-05-13,miacademy_level_d_revised_2025
94,,Object Pronouns,Miacademy & MiaPrep Learning Channel,youtube,,,,,,pronouns,"Pronouns (Subject, Object, Possessive)",L,general,L.3.1a|L.3.1f,CC.1.4.3.F,3,3,3,on_grade,ELA,miacademy_level_d_revised_2025,20,PENDING_VERIFICATION,True,2026-05-13,miacademy_level_d_revised_2025
95,,Possessive Pronouns,Miacademy & MiaPrep Learning Channel,youtube,,,,,,pronouns,"Pronouns (Subject, Object, Possessive)",L,general,L.3.1a|L.3.1f,CC.1.4.3.F,3,3,3,on_grade,ELA,miacademy_level_d_revised_2025,21,PENDING_VERIFICATION,True,2026-05-13,miacademy_level_d_revised_2025
96,,Pronoun-Antecedent Agreement,Miacademy & MiaPrep Learning Channel,youtube,,,,,,pronouns,"Pronouns (Subject, Object, Possessive)",L,general,L.3.1a|L.3.1f,CC.1.4.3.F,3,3,3,on_grade,ELA,miacademy_level_d_revised_2025,22,PENDING_VERIFICATION,True,2026-05-13,miacademy_level_d_revised_2025
97,,Sentence Types: Statements,Miacademy & MiaPrep Learning Channel,youtube,,,,,,sentence_types,"Sentence Types (Statements, Questions, etc.)",L,general,L.3.2,CC.1.4.3.F,3,3,3,on_grade,ELA,miacademy_level_d_revised_2025,23,PENDING_VERIFICATION,True,2026-05-13,miacademy_level_d_revised_2025
98,,Sentence Types: Questions,Miacademy & MiaPrep Learning Channel,youtube,,,,,,sentence_types,"Sentence Types (Statements, Questions, etc.)",L,general,L.3.2,CC.1.4.3.F,3,3,3,on_grade,ELA,miacademy_level_d_revised_2025,24,PENDING_VERIFICATION,True,2026-05-13,miacademy_level_d_revised_2025
99,,Sentence Types: Exclamations & Commands,Miacademy & MiaPrep Learning Channel,youtube,,,,,,sentence_types,"Sentence Types (Statements, Questions, etc.)",L,general,L.3.2,CC.1.4.3.F,3,3,3,on_grade,ELA,miacademy_level_d_revised_2025,25,PENDING_VERIFICATION,True,2026-05-13,miacademy_level_d_revised_2025
100,,Complete & Simple Subjects,Miacademy & MiaPrep Learning Channel,youtube,,,,,,subjects_predicates,Complete & Simple Subjects/Predicates,L,general,L.3.1i,CC.1.4.3.F,3,3,3,on_grade,ELA,miacademy_level_d_revised_2025,26,PENDING_VERIFICATION,True,2026-05-13,miacademy_level_d_revised_2025
101,,Complete & Simple Predicates,Miacademy & MiaPrep Learning Channel,youtube,,,,,,subjects_predicates,Complete & Simple Subjects/Predicates,L,general,L.3.1i,CC.1.4.3.F,3,3,3,on_grade,ELA,miacademy_level_d_revised_2025,27,PENDING_VERIFICATION,True,2026-05-13,miacademy_level_d_revised_2025
102,,Compound Subjects,Miacademy & MiaPrep Learning Channel,youtube,,,,,,compound_subjects_predicates,Compound Subjects & Predicates,L,general,L.3.1i,CC.1.4.3.F,3,3,3,on_grade,ELA,miacademy_level_d_revised_2025,28,PENDING_VERIFICATION,True,2026-05-13,miacademy_level_d_revised_2025
103,,Compound Predicates,Miacademy & MiaPrep Learning Channel,youtube,,,,,,compound_subjects_predicates,Compound Subjects & Predicates,L,general,L.3.1i,CC.1.4.3.F,3,3,3,on_grade,ELA,miacademy_level_d_revised_2025,29,PENDING_VERIFICATION,True,2026-05-13,miacademy_level_d_revised_2025
104,,Sentence Fragments & Run-ons,Miacademy & MiaPrep Learning Channel,youtube,,,,,,sentence_fragments_runons,Sentence Fragments & Run-ons,L,general,L.3.1i,CC.1.4.3.F,3,3,3,on_grade,ELA,miacademy_level_d_revised_2025,30,PENDING_VERIFICATION,True,2026-05-13,miacademy_level_d_revised_2025
105,,End Punctuation,Miacademy & MiaPrep Learning Channel,youtube,,,,,,end_punctuation,End Punctuation,L,general,L.3.2,CC.1.4.3.F,3,3,3,on_grade,ELA,miacademy_level_d_revised_2025,31,PENDING_VERIFICATION,True,2026-05-13,miacademy_level_d_revised_2025
106,,Capitalization,Miacademy & MiaPrep Learning Channel,youtube,,,,,,capitalization,Capitalization,L,general,L.3.2a,CC.1.4.3.F,3,3,3,on_grade,ELA,miacademy_level_d_revised_2025,32,PENDING_VERIFICATION,True,2026-05-13,miacademy_level_d_revised_2025
107,,Commas in a Series,Miacademy & MiaPrep Learning Channel,youtube,,,,,,commas,"Commas (Series, Dates, Addresses, Dialogue)",L,general,L.3.2b|L.3.2c,CC.1.4.3.F,3,3,3,on_grade,ELA,miacademy_level_d_revised_2025,33,PENDING_VERIFICATION,True,2026-05-13,miacademy_level_d_revised_2025
108,,Commas in Dates & Addresses,Miacademy & MiaPrep Learning Channel,youtube,,,,,,commas,"Commas (Series, Dates, Addresses, Dialogue)",L,general,L.3.2b|L.3.2c,CC.1.4.3.F,3,3,3,on_grade,ELA,miacademy_level_d_revised_2025,34,PENDING_VERIFICATION,True,2026-05-13,miacademy_level_d_revised_2025
109,,Quotation Marks in Dialogue,Miacademy & MiaPrep Learning Channel,youtube,,,,,,quotation_marks,Quotation Marks in Dialogue,L,general,L.3.2c,CC.1.4.3.F,3,3,3,on_grade,ELA,miacademy_level_d_revised_2025,35,PENDING_VERIFICATION,True,2026-05-13,miacademy_level_d_revised_2025
110,,Apostrophes – Contractions & Possessives,Miacademy & MiaPrep Learning Channel,youtube,,,,,,apostrophes,Apostrophes (Contractions & Possessives),L,general,L.3.2d,CC.1.4.3.F,3,3,3,on_grade,ELA,miacademy_level_d_revised_2025,36,PENDING_VERIFICATION,True,2026-05-13,miacademy_level_d_revised_2025
111,,Prefixes,Miacademy & MiaPrep Learning Channel,youtube,,,,,,prefixes,Prefixes,L/RF,general,L.3.4b|RF.3.3a,CC.1.1.3.E,3,3,3,on_grade,ELA,miacademy_level_d_revised_2025,37,PENDING_VERIFICATION,True,2026-05-13,miacademy_level_d_revised_2025
112,,Suffixes,Miacademy & MiaPrep Learning Channel,youtube,,,,,,suffixes,Suffixes,L/RF,general,L.3.4b|RF.3.3a,CC.1.1.3.E,3,3,3,on_grade,ELA,miacademy_level_d_revised_2025,38,PENDING_VERIFICATION,True,2026-05-13,miacademy_level_d_revised_2025
113,,Root Words,Miacademy & MiaPrep Learning Channel,youtube,,,,,,root_words,Root Words,L/RF,general,L.3.4b,CC.1.1.3.E,3,3,3,on_grade,ELA,miacademy_level_d_revised_2025,39,PENDING_VERIFICATION,True,2026-05-13,miacademy_level_d_revised_2025
114,,Synonyms,Miacademy & MiaPrep Learning Channel,youtube,,,,,,synonyms,Synonyms,L,general,L.3.5b,CC.1.4.3.F,3,3,3,on_grade,ELA,miacademy_level_d_revised_2025,40,PENDING_VERIFICATION,True,2026-05-13,miacademy_level_d_revised_2025
115,,Antonyms,Miacademy & MiaPrep Learning Channel,youtube,,,,,,antonyms,Antonyms,L,general,L.3.5b,CC.1.4.3.F,3,3,3,on_grade,ELA,miacademy_level_d_revised_2025,41,PENDING_VERIFICATION,True,2026-05-13,miacademy_level_d_revised_2025
116,,Homophones & Word Confusion,Miacademy & MiaPrep Learning Channel,youtube,,,,,,homophones,Homophones & Word Confusion,L,general,L.3.4|L.3.2g,CC.1.1.3.E,3,3,3,on_grade,ELA,miacademy_level_d_revised_2025,42,PENDING_VERIFICATION,True,2026-05-13,miacademy_level_d_revised_2025
117,,Multiple-Meaning Words,Miacademy & MiaPrep Learning Channel,youtube,,,,,,multiple_meaning_words,Multiple-Meaning Words,L,general,L.3.4a,CC.1.4.3.F,3,3,3,on_grade,ELA,miacademy_level_d_revised_2025,43,PENDING_VERIFICATION,True,2026-05-13,miacademy_level_d_revised_2025
118,,Context Clues,Miacademy & MiaPrep Learning Channel,youtube,,,,,,context_clues,Context Clues for Unknown Words,RI/L,general,RI.3.4|L.3.4,CC.1.2.3.F|CC.1.3.3.I,3,3,3,on_grade,ELA,miacademy_level_d_revised_2025,44,PENDING_VERIFICATION,True,2026-05-13,miacademy_level_d_revised_2025
119,,Using a Dictionary,Miacademy & MiaPrep Learning Channel,youtube,,,,,,dictionary_skills,Dictionary & Reference Skills,L,general,L.3.4d,CC.1.4.3.F,3,3,3,on_grade,ELA,miacademy_level_d_revised_2025,45,PENDING_VERIFICATION,True,2026-05-13,miacademy_level_d_revised_2025
120,,Identifying the Main Idea,Miacademy & MiaPrep Learning Channel,youtube,,,,,,main_idea_general,Main Idea & Supporting Details,RL/RI,general,RL.3.2|RI.3.2,CC.1.3.3.A|CC.1.2.3.A,3,3,3,on_grade,ELA,miacademy_level_d_revised_2025,46,PENDING_VERIFICATION,True,2026-05-13,miacademy_level_d_revised_2025
121,,Finding Key Details,Miacademy & MiaPrep Learning Channel,youtube,,,,,,main_idea_general,Main Idea & Supporting Details,RL/RI,general,RL.3.2|RI.3.2,CC.1.3.3.A|CC.1.2.3.A,3,3,3,on_grade,ELA,miacademy_level_d_revised_2025,47,PENDING_VERIFICATION,True,2026-05-13,miacademy_level_d_revised_2025
122,,Main Idea & Key Details in Nonfiction,Miacademy & MiaPrep Learning Channel,youtube,,,,,,main_idea_nonfiction,Main Idea & Key Details (Nonfiction),RI,general,RI.3.2,CC.1.2.3.A,3,3,3,on_grade,ELA,miacademy_level_d_revised_2025,48,PENDING_VERIFICATION,True,2026-05-13,miacademy_level_d_revised_2025
123,,Summarizing Fiction (SWBST),Miacademy & MiaPrep Learning Channel,youtube,,,,,,summarizing,Summarizing (SWBST),RL/RI,general,RL.3.2|RI.3.2,CC.1.3.3.A|CC.1.2.3.A,3,3,3,on_grade,ELA,miacademy_level_d_revised_2025,49,PENDING_VERIFICATION,True,2026-05-13,miacademy_level_d_revised_2025
124,,Summarizing Nonfiction,Miacademy & MiaPrep Learning Channel,youtube,,,,,,summarizing,Summarizing (SWBST),RL/RI,general,RL.3.2|RI.3.2,CC.1.3.3.A|CC.1.2.3.A,3,3,3,on_grade,ELA,miacademy_level_d_revised_2025,50,PENDING_VERIFICATION,True,2026-05-13,miacademy_level_d_revised_2025
125,,Asking & Answering Questions About a Text,Miacademy & MiaPrep Learning Channel,youtube,,,,,,asking_questions,Asking & Answering Questions About a Text,RL/RI,general,RL.3.1|RI.3.1,CC.1.2.3.B|CC.1.3.3.B,3,3,3,on_grade,ELA,miacademy_level_d_revised_2025,51,PENDING_VERIFICATION,True,2026-05-13,miacademy_level_d_revised_2025
126,,Making Inferences,Miacademy & MiaPrep Learning Channel,youtube,,,,,,inferences,Making Inferences,RL/RI,general,RL.3.1|RI.3.1,CC.1.3.3.B,3,3,3,on_grade,ELA,miacademy_level_d_revised_2025,52,PENDING_VERIFICATION,True,2026-05-13,miacademy_level_d_revised_2025
127,,Drawing Conclusions,Miacademy & MiaPrep Learning Channel,youtube,,,,,,inferences,Making Inferences,RL/RI,general,RL.3.1|RI.3.1,CC.1.3.3.B,3,3,3,on_grade,ELA,miacademy_level_d_revised_2025,53,PENDING_VERIFICATION,True,2026-05-13,miacademy_level_d_revised_2025
128,,Characters: Identifying & Describing,Miacademy & MiaPrep Learning Channel,youtube,,,,,,character_traits,"Character Traits, Motivations & Feelings",RL,general,RL.3.3,CC.1.3.3.C,3,3,3,on_grade,ELA,miacademy_level_d_revised_2025,54,PENDING_VERIFICATION,True,2026-05-13,miacademy_level_d_revised_2025
129,,Character Traits & Motivations,Miacademy & MiaPrep Learning Channel,youtube,,,,,,character_traits,"Character Traits, Motivations & Feelings",RL,general,RL.3.3,CC.1.3.3.C,3,3,3,on_grade,ELA,miacademy_level_d_revised_2025,55,PENDING_VERIFICATION,True,2026-05-13,miacademy_level_d_revised_2025
130,,Setting in a Story,Miacademy & MiaPrep Learning Channel,youtube,,,,,,story_structure,Story Structure (Beginning / Middle / End),RL,general,RL.3.5,CC.1.3.3.E,3,3,3,on_grade,ELA,miacademy_level_d_revised_2025,56,PENDING_VERIFICATION,True,2026-05-13,miacademy_level_d_revised_2025
131,,"Story Structure (Beginning, Middle, End)",Miacademy & MiaPrep Learning Channel,youtube,,,,,,story_structure,Story Structure (Beginning / Middle / End),RL,general,RL.3.5,CC.1.3.3.E,3,3,3,on_grade,ELA,miacademy_level_d_revised_2025,57,PENDING_VERIFICATION,True,2026-05-13,miacademy_level_d_revised_2025
132,,Theme / Central Message,Miacademy & MiaPrep Learning Channel,youtube,,,,,,theme_central_message,Theme / Central Message,RL,general,RL.3.2,CC.1.3.3.A,3,3,3,on_grade,ELA,miacademy_level_d_revised_2025,58,PENDING_VERIFICATION,True,2026-05-13,miacademy_level_d_revised_2025
133,,Point of View,Miacademy & MiaPrep Learning Channel,youtube,,,,,,point_of_view,"Point of View (1st, 2nd, 3rd person)",RL,general,RL.3.6,CC.1.3.3.D,3,3,3,on_grade,ELA,miacademy_level_d_revised_2025,59,PENDING_VERIFICATION,True,2026-05-13,miacademy_level_d_revised_2025
134,,Nonfiction Text Features,Miacademy & MiaPrep Learning Channel,youtube,,,,,,text_features,Nonfiction Text Features,RI,general,RI.3.5,CC.1.2.3.E,3,3,3,on_grade,ELA,miacademy_level_d_revised_2025,60,PENDING_VERIFICATION,True,2026-05-13,miacademy_level_d_revised_2025
135,,Text Structure: Compare & Contrast,Miacademy & MiaPrep Learning Channel,youtube,,,,,,text_structure,"Text Structure (Compare/Contrast, Cause/Effect, Sequence)",RI,general,RI.3.8,CC.1.2.3.E,3,3,3,on_grade,ELA,miacademy_level_d_revised_2025,61,PENDING_VERIFICATION,True,2026-05-13,miacademy_level_d_revised_2025
136,,Text Structure: Cause & Effect,Miacademy & MiaPrep Learning Channel,youtube,,,,,,text_structure,"Text Structure (Compare/Contrast, Cause/Effect, Sequence)",RI,general,RI.3.8,CC.1.2.3.E,3,3,3,on_grade,ELA,miacademy_level_d_revised_2025,62,PENDING_VERIFICATION,True,2026-05-13,miacademy_level_d_revised_2025
137,,Text Structure: Sequence,Miacademy & MiaPrep Learning Channel,youtube,,,,,,text_structure,"Text Structure (Compare/Contrast, Cause/Effect, Sequence)",RI,general,RI.3.8,CC.1.2.3.E,3,3,3,on_grade,ELA,miacademy_level_d_revised_2025,63,PENDING_VERIFICATION,True,2026-05-13,miacademy_level_d_revised_2025
138,,Author's Purpose (PIE),Miacademy & MiaPrep Learning Channel,youtube,,,,,,authors_purpose,Author's Purpose (PIE),RI,general,RI.3.6|RI.3.8,CC.1.2.3.D,3,3,3,on_grade,ELA,miacademy_level_d_revised_2025,64,PENDING_VERIFICATION,True,2026-05-13,miacademy_level_d_revised_2025
139,,Fact vs. Opinion,Miacademy & MiaPrep Learning Channel,youtube,,,,,,fact_opinion,Fact vs. Opinion,RI,general,RI.3.8,CC.1.2.3.H,3,3,3,on_grade,ELA,miacademy_level_d_revised_2025,65,PENDING_VERIFICATION,True,2026-05-13,miacademy_level_d_revised_2025
140,,Figurative Language: Similes & Metaphors,Miacademy & MiaPrep Learning Channel,youtube,,,,,,figurative_language,"Figurative Language (Similes, Metaphors, etc.)",RL/L,general,RL.3.4|L.3.5,CC.1.3.3.F|CC.1.2.3.J,3,3,3,on_grade,ELA,miacademy_level_d_revised_2025,66,PENDING_VERIFICATION,True,2026-05-13,miacademy_level_d_revised_2025
141,,Figurative Language: Idioms & Personification,Miacademy & MiaPrep Learning Channel,youtube,,,,,,figurative_language,"Figurative Language (Similes, Metaphors, etc.)",RL/L,general,RL.3.4|L.3.5,CC.1.3.3.F|CC.1.2.3.J,3,3,3,on_grade,ELA,miacademy_level_d_revised_2025,67,PENDING_VERIFICATION,True,2026-05-13,miacademy_level_d_revised_2025
142,,Paragraph Structure: Topic Sentence,Miacademy & MiaPrep Learning Channel,youtube,,,,,,paragraph_writing,Paragraph Structure & Writing,W,general,W.3.4,CC.1.4.3.G|CC.1.4.3.L,3,3,3,on_grade,ELA,miacademy_level_d_revised_2025,68,PENDING_VERIFICATION,True,2026-05-13,miacademy_level_d_revised_2025
143,,Paragraph Structure: Supporting Details & Closing,Miacademy & MiaPrep Learning Channel,youtube,,,,,,paragraph_writing,Paragraph Structure & Writing,W,general,W.3.4,CC.1.4.3.G|CC.1.4.3.L,3,3,3,on_grade,ELA,miacademy_level_d_revised_2025,69,PENDING_VERIFICATION,True,2026-05-13,miacademy_level_d_revised_2025
144,,Writing a Friendly Letter,Miacademy & MiaPrep Learning Channel,youtube,,,,,,friendly_letter,Writing a Friendly Letter,W,general,W.3.4,CC.1.4.3.G,3,3,3,on_grade,ELA,miacademy_level_d_revised_2025,70,PENDING_VERIFICATION,True,2026-05-13,miacademy_level_d_revised_2025
145,,Narrative Writing,Miacademy & MiaPrep Learning Channel,youtube,,,,,,narrative_writing,Narrative Writing,W,general,W.3.3,CC.1.4.3.M|CC.1.4.3.O,3,3,3,on_grade,ELA,miacademy_level_d_revised_2025,71,PENDING_VERIFICATION,True,2026-05-13,miacademy_level_d_revised_2025
146,,Opinion Writing,Miacademy & MiaPrep Learning Channel,youtube,,,,,,opinion_writing,Opinion Writing,W,general,W.3.1,CC.1.4.3.G|CC.1.4.3.H,3,3,3,on_grade,ELA,miacademy_level_d_revised_2025,72,PENDING_VERIFICATION,True,2026-05-13,miacademy_level_d_revised_2025
147,,Informative Writing,Miacademy & MiaPrep Learning Channel,youtube,,,,,,informative_writing,Informative/Explanatory Writing,W,general,W.3.2,CC.1.4.3.A|CC.1.4.3.B,3,3,3,on_grade,ELA,miacademy_level_d_revised_2025,73,PENDING_VERIFICATION,True,2026-05-13,miacademy_level_d_revised_2025
148,,Introduction to Language Arts: Level D (Edition 1),Miacademy & MiaPrep Learning Channel,youtube,,,,,,course_intro,Course Introduction,n/a,general,,,3,3,6,scaffold,ELA,miacademy_level_d_edition_1,1,PENDING_VERIFICATION,True,2026-05-13,miacademy_level_d_edition_1
149,,Nouns,Miacademy & MiaPrep Learning Channel,youtube,,,,,,nouns_common_proper,Common & Proper Nouns,L,general,L.3.1a,CC.1.4.3.F,3,3,6,scaffold,ELA,miacademy_level_d_edition_1,2,PENDING_VERIFICATION,True,2026-05-13,miacademy_level_d_edition_1
150,,Verbs,Miacademy & MiaPrep Learning Channel,youtube,,,,,,verbs_action,Action Verbs,L,general,L.3.1a,CC.1.4.3.F,3,3,6,scaffold,ELA,miacademy_level_d_edition_1,3,PENDING_VERIFICATION,True,2026-05-13,miacademy_level_d_edition_1
151,,Adjectives,Miacademy & MiaPrep Learning Channel,youtube,,,,,,adjectives,Adjectives,L,general,L.3.1a,CC.1.4.3.F,3,3,6,scaffold,ELA,miacademy_level_d_edition_1,4,PENDING_VERIFICATION,True,2026-05-13,miacademy_level_d_edition_1
152,,Pronouns,Miacademy & MiaPrep Learning Channel,youtube,,,,,,pronouns,"Pronouns (Subject, Object, Possessive)",L,general,L.3.1a|L.3.1f,CC.1.4.3.F,3,3,6,scaffold,ELA,miacademy_level_d_edition_1,5,PENDING_VERIFICATION,True,2026-05-13,miacademy_level_d_edition_1
153,,Complete & Simple Subjects,Miacademy & MiaPrep Learning Channel,youtube,,,,,,subjects_predicates,Complete & Simple Subjects/Predicates,L,general,L.3.1i,CC.1.4.3.F,3,3,6,scaffold,ELA,miacademy_level_d_edition_1,6,PENDING_VERIFICATION,True,2026-05-13,miacademy_level_d_edition_1
154,,Complete & Simple Predicates,Miacademy & MiaPrep Learning Channel,youtube,,,,,,subjects_predicates,Complete & Simple Subjects/Predicates,L,general,L.3.1i,CC.1.4.3.F,3,3,6,scaffold,ELA,miacademy_level_d_edition_1,7,PENDING_VERIFICATION,True,2026-05-13,miacademy_level_d_edition_1
155,,The Comma I (Commas in a Series),Miacademy & MiaPrep Learning Channel,youtube,,,,,,commas,"Commas (Series, Dates, Addresses, Dialogue)",L,general,L.3.2b|L.3.2c,CC.1.4.3.F,3,3,6,scaffold,ELA,miacademy_level_d_edition_1,8,PENDING_VERIFICATION,True,2026-05-13,miacademy_level_d_edition_1
156,,Compound Subjects & Predicates,Miacademy & MiaPrep Learning Channel,youtube,,,,,,compound_subjects_predicates,Compound Subjects & Predicates,L,general,L.3.1i,CC.1.4.3.F,3,3,6,scaffold,ELA,miacademy_level_d_edition_1,9,PENDING_VERIFICATION,True,2026-05-13,miacademy_level_d_edition_1
157,,Plural Nouns – Ending in S and ES,Miacademy & MiaPrep Learning Channel,youtube,,,,,,nouns_plural_regular,Plural Nouns (Regular),L,general,L.3.1b|L.3.2e,CC.1.4.3.F,3,3,6,scaffold,ELA,miacademy_level_d_edition_1,10,PENDING_VERIFICATION,True,2026-05-13,miacademy_level_d_edition_1
158,,"Plural Nouns – Ending in VES, IES, YS",Miacademy & MiaPrep Learning Channel,youtube,,,,,,nouns_plural_regular,Plural Nouns (Regular),L,general,L.3.1b|L.3.2e,CC.1.4.3.F,3,3,6,scaffold,ELA,miacademy_level_d_edition_1,11,PENDING_VERIFICATION,True,2026-05-13,miacademy_level_d_edition_1
159,,Plural Nouns – Irregular,Miacademy & MiaPrep Learning Channel,youtube,,,,,,nouns_plural_irregular,Plural Nouns (Irregular),L,general,L.3.1b,CC.1.4.3.F,3,3,6,scaffold,ELA,miacademy_level_d_edition_1,12,PENDING_VERIFICATION,True,2026-05-13,miacademy_level_d_edition_1
160,,Possessive Nouns,Miacademy & MiaPrep Learning Channel,youtube,,,,,,nouns_possessive,Possessive Nouns,L,general,L.3.2d,CC.1.4.3.F,3,3,6,scaffold,ELA,miacademy_level_d_edition_1,13,PENDING_VERIFICATION,True,2026-05-13,miacademy_level_d_edition_1
161,,Nouns: Concrete and Abstract,Miacademy & MiaPrep Learning Channel,youtube,,,,,,nouns_concrete_abstract,Concrete & Abstract Nouns,L,general,L.3.3,CC.1.4.3.F,3,3,6,scaffold,ELA,miacademy_level_d_edition_1,14,PENDING_VERIFICATION,True,2026-05-13,miacademy_level_d_edition_1
162,,Paragraphs,Miacademy & MiaPrep Learning Channel,youtube,,,,,,paragraph_writing,Paragraph Structure & Writing,W,general,W.3.4,CC.1.4.3.G|CC.1.4.3.L,3,3,6,scaffold,ELA,miacademy_level_d_edition_1,15,PENDING_VERIFICATION,True,2026-05-13,miacademy_level_d_edition_1
163,,Prefixes,Miacademy & MiaPrep Learning Channel,youtube,,,,,,prefixes,Prefixes,L/RF,general,L.3.4b|RF.3.3a,CC.1.1.3.E,3,3,6,scaffold,ELA,miacademy_level_d_edition_1,16,PENDING_VERIFICATION,True,2026-05-13,miacademy_level_d_edition_1
164,,Suffixes,Miacademy & MiaPrep Learning Channel,youtube,,,,,,suffixes,Suffixes,L/RF,general,L.3.4b|RF.3.3a,CC.1.1.3.E,3,3,6,scaffold,ELA,miacademy_level_d_edition_1,17,PENDING_VERIFICATION,True,2026-05-13,miacademy_level_d_edition_1
165,,Word Confusion (Homophones),Miacademy & MiaPrep Learning Channel,youtube,,,,,,homophones,Homophones & Word Confusion,L,general,L.3.4|L.3.2g,CC.1.1.3.E,3,3,6,scaffold,ELA,miacademy_level_d_edition_1,18,PENDING_VERIFICATION,True,2026-05-13,miacademy_level_d_edition_1
166,,Writing a Friendly Letter,Miacademy & MiaPrep Learning Channel,youtube,,,,,,friendly_letter,Writing a Friendly Letter,W,general,W.3.4,CC.1.4.3.G,3,3,6,scaffold,ELA,miacademy_level_d_edition_1,19,PENDING_VERIFICATION,True,2026-05-13,miacademy_level_d_edition_1
167,,Synonyms 1,Miacademy & MiaPrep Learning Channel,youtube,,,,,,synonyms,Synonyms,L,general,L.3.5b,CC.1.4.3.F,3,3,6,scaffold,ELA,miacademy_level_d_edition_1,20,PENDING_VERIFICATION,True,2026-05-13,miacademy_level_d_edition_1
168,,Antonyms 1,Miacademy & MiaPrep Learning Channel,youtube,,,,,,antonyms,Antonyms,L,general,L.3.5b,CC.1.4.3.F,3,3,6,scaffold,ELA,miacademy_level_d_edition_1,21,PENDING_VERIFICATION,True,2026-05-13,miacademy_level_d_edition_1
169,,Developing Language Arts (Mixed Review),Miacademy & MiaPrep Learning Channel,youtube,,,,,,course_intro,Course Introduction,n/a,general,,,3,3,6,scaffold,ELA,miacademy_level_d_edition_1,22,PENDING_VERIFICATION,True,2026-05-13,miacademy_level_d_edition_1
170,,Punctuation: Mixed Practice 1,Miacademy & MiaPrep Learning Channel,youtube,,,,,,end_punctuation,End Punctuation,L,general,L.3.2,CC.1.4.3.F,3,3,6,scaffold,ELA,miacademy_level_d_edition_1,23,PENDING_VERIFICATION,True,2026-05-13,miacademy_level_d_edition_1
171,,Review: Parts of Speech,Miacademy & MiaPrep Learning Channel,youtube,,,,,,nouns_common_proper,Common & Proper Nouns,L,general,L.3.1a,CC.1.4.3.F,3,3,6,scaffold,ELA,miacademy_level_d_edition_1,24,PENDING_VERIFICATION,True,2026-05-13,miacademy_level_d_edition_1
172,,Review: Sentence Writing,Miacademy & MiaPrep Learning Channel,youtube,,,,,,subjects_predicates,Complete & Simple Subjects/Predicates,L,general,L.3.1i,CC.1.4.3.F,3,3,6,scaffold,ELA,miacademy_level_d_edition_1,25,PENDING_VERIFICATION,True,2026-05-13,miacademy_level_d_edition_1
173,,Review: Word Parts & Vocabulary,Miacademy & MiaPrep Learning Channel,youtube,,,,,,prefixes,Prefixes,L/RF,general,L.3.4b|RF.3.3a,CC.1.1.3.E,3,3,6,scaffold,ELA,miacademy_level_d_edition_1,26,PENDING_VERIFICATION,True,2026-05-13,miacademy_level_d_edition_1
174,,Course Wrap-Up & Final Review,Miacademy & MiaPrep Learning Channel,youtube,,,,,,course_intro,Course Introduction,n/a,general,,,3,3,6,scaffold,ELA,miacademy_level_d_edition_1,27,PENDING_VERIFICATION,True,2026-05-13,miacademy_level_d_edition_1
175,,Course Introduction,Miacademy & MiaPrep Learning Channel,youtube,,,,,,course_intro,Course Introduction,n/a,general,,,6,6,7,on_grade,ELA,miacademy_level_g,1,PENDING_VERIFICATION,True,2026-05-13,miacademy_level_g
176,,What Is a Context Clue?,Miacademy & MiaPrep Learning Channel,youtube,,,,,,context_clues_6,Context Clues (6th),L/RI,general,L.6.4a|RI.6.4,CC.1.3.6.F|CC.1.2.6.F,6,6,7,on_grade,ELA,miacademy_level_g,2,PENDING_VERIFICATION,True,2026-05-13,miacademy_level_g
177,,Context Clues – Inference,Miacademy & MiaPrep Learning Channel,youtube,,,,,,context_clues_6,Context Clues (6th),L/RI,general,L.6.4a|RI.6.4,CC.1.3.6.F|CC.1.2.6.F,6,6,7,on_grade,ELA,miacademy_level_g,3,PENDING_VERIFICATION,True,2026-05-13,miacademy_level_g
178,,What Is Close Reading?,Miacademy & MiaPrep Learning Channel,youtube,,,,,,close_reading,Close Reading,RL/RI,general,RL.6.1|RI.6.1,CC.1.3.6.A|CC.1.2.6.A,6,6,7,on_grade,ELA,miacademy_level_g,4,PENDING_VERIFICATION,True,2026-05-13,miacademy_level_g
179,,Summarizing,Miacademy & MiaPrep Learning Channel,youtube,,,,,,summarizing_6,Summarizing (6th),RL/RI,general,RL.6.2|RI.6.2,CC.1.3.6.A|CC.1.2.6.A,6,6,7,on_grade,ELA,miacademy_level_g,5,PENDING_VERIFICATION,True,2026-05-13,miacademy_level_g
180,,Making Inferences,Miacademy & MiaPrep Learning Channel,youtube,,,,,,inferences_6,Making Inferences (6th),RL/RI,general,RL.6.1|RI.6.1,CC.1.3.6.B,6,6,7,on_grade,ELA,miacademy_level_g,6,PENDING_VERIFICATION,True,2026-05-13,miacademy_level_g
181,,Citing Evidence,Miacademy & MiaPrep Learning Channel,youtube,,,,,,citing_evidence,Citing Textual Evidence,RL/RI,general,RL.6.1|RI.6.1,CC.1.3.6.B|CC.1.2.6.B,6,6,7,on_grade,ELA,miacademy_level_g,7,PENDING_VERIFICATION,True,2026-05-13,miacademy_level_g
182,,Introduction to Descriptive Writing,Miacademy & MiaPrep Learning Channel,youtube,,,,,,descriptive_writing,Descriptive Writing,W,general,W.6.3|W.6.3d,CC.1.4.6.M|CC.1.4.6.P,6,6,7,on_grade,ELA,miacademy_level_g,8,PENDING_VERIFICATION,True,2026-05-13,miacademy_level_g
183,,Figurative Language – Simile,Miacademy & MiaPrep Learning Channel,youtube,,,,,,figurative_language_6,Figurative Language (6th),RL/L,general,RL.6.4|L.6.5a,CC.1.3.6.F,6,6,7,on_grade,ELA,miacademy_level_g,9,PENDING_VERIFICATION,True,2026-05-13,miacademy_level_g
184,,Figurative Language – Metaphor,Miacademy & MiaPrep Learning Channel,youtube,,,,,,figurative_language_6,Figurative Language (6th),RL/L,general,RL.6.4|L.6.5a,CC.1.3.6.F,6,6,7,on_grade,ELA,miacademy_level_g,10,PENDING_VERIFICATION,True,2026-05-13,miacademy_level_g
185,,Introduction to Poetry,Miacademy & MiaPrep Learning Channel,youtube,,,,,,poetry_elements,Elements of Poetry,RL,general,RL.6.4|RL.6.5,CC.1.3.6.E|CC.1.3.6.F,6,6,7,on_grade,ELA,miacademy_level_g,11,PENDING_VERIFICATION,True,2026-05-13,miacademy_level_g
186,,Poetic Devices – Alliteration,Miacademy & MiaPrep Learning Channel,youtube,,,,,,poetic_devices,"Poetic Devices (Meter, Alliteration)",RL,general,RL.6.4|RL.6.5,CC.1.3.6.E|CC.1.3.6.F,6,6,7,on_grade,ELA,miacademy_level_g,12,PENDING_VERIFICATION,True,2026-05-13,miacademy_level_g
187,,What Is Fiction?,Miacademy & MiaPrep Learning Channel,youtube,,,,,,elements_of_fiction,Elements of Fiction,RL,general,RL.6.3|RL.6.5,CC.1.3.6.C|CC.1.3.6.E,6,6,7,on_grade,ELA,miacademy_level_g,13,PENDING_VERIFICATION,True,2026-05-13,miacademy_level_g
188,,Plot,Miacademy & MiaPrep Learning Channel,youtube,,,,,,plot_conflict,Plot & Types of Conflict,RL,general,RL.6.3|RL.6.5,CC.1.3.6.C,6,6,7,on_grade,ELA,miacademy_level_g,14,PENDING_VERIFICATION,True,2026-05-13,miacademy_level_g
189,,Theme,Miacademy & MiaPrep Learning Channel,youtube,,,,,,theme_6,Theme (6th),RL,general,RL.6.2,CC.1.3.6.A,6,6,7,on_grade,ELA,miacademy_level_g,15,PENDING_VERIFICATION,True,2026-05-13,miacademy_level_g
190,,Introduction to Traveling Through Grammar,Miacademy & MiaPrep Learning Channel,youtube,,,,,,grammar_review_6,Grammar Review (6th),L,general,L.6.1|L.6.2|L.6.3,CC.1.4.6.F,6,6,7,on_grade,ELA,miacademy_level_g,16,PENDING_VERIFICATION,True,2026-05-13,miacademy_level_g
191,,What Is Expository Writing?,Miacademy & MiaPrep Learning Channel,youtube,,,,,,expository_writing,Expository Writing,W,general,W.6.2|W.6.4,CC.1.4.6.A|CC.1.4.6.B|CC.1.4.6.C,6,6,7,on_grade,ELA,miacademy_level_g,17,PENDING_VERIFICATION,True,2026-05-13,miacademy_level_g
192,,Course Review,Miacademy & MiaPrep Learning Channel,youtube,,,,,,course_intro,Course Introduction,n/a,general,,,6,6,7,on_grade,ELA,miacademy_level_g,18,PENDING_VERIFICATION,True,2026-05-13,miacademy_level_g
193,,Elements of Fiction and The Maze Runner,Miacademy & MiaPrep Learning Channel,youtube,,,,,,elements_of_fiction_8,Elements of Fiction (8th),RL,general,RL.8.3|RL.8.5,CC.1.3.8.C|CC.1.3.8.E,8,8,8,on_grade,ELA,miacademy_reading_comp_8,1,PENDING_VERIFICATION,True,2026-05-13,miacademy_reading_comp_8
194,,Close Reading and Amal Unbound,Miacademy & MiaPrep Learning Channel,youtube,,,,,,close_reading_8,Close Reading (8th),RL/RI,general,RL.8.1|RI.8.1,CC.1.3.8.A|CC.1.2.8.A,8,8,8,on_grade,ELA,miacademy_reading_comp_8,2,PENDING_VERIFICATION,True,2026-05-13,miacademy_reading_comp_8
195,,Elements of Literary Nonfiction and The Boy Who Harnessed the Wind,Miacademy & MiaPrep Learning Channel,youtube,,,,,,literary_nonfiction_8,Elements of Literary Nonfiction,RI,general,RI.8.3|RI.8.5,CC.1.2.8.C|CC.1.2.8.E,8,8,8,on_grade,ELA,miacademy_reading_comp_8,3,PENDING_VERIFICATION,True,2026-05-13,miacademy_reading_comp_8
196,,Elements of Drama and Pygmalion,Miacademy & MiaPrep Learning Channel,youtube,,,,,,elements_of_drama_8,Elements of Drama (8th),RL,general,RL.8.3|RL.8.5,CC.1.3.8.C|CC.1.3.8.E,8,8,8,on_grade,ELA,miacademy_reading_comp_8,4,PENDING_VERIFICATION,True,2026-05-13,miacademy_reading_comp_8
197,,Elements of Poetry and Annabel Lee,Miacademy & MiaPrep Learning Channel,youtube,,,,,,elements_of_poetry_8,Elements of Poetry (8th),RL,general,RL.8.4|RL.8.5,CC.1.3.8.E|CC.1.3.8.F,8,8,8,on_grade,ELA,miacademy_reading_comp_8,5,PENDING_VERIFICATION,True,2026-05-13,miacademy_reading_comp_8
198,,Finding the Central Idea,Miacademy & MiaPrep Learning Channel,youtube,,,,,,central_idea_8,Central Idea / Main Idea (8th),RL/RI,general,RL.8.2|RI.8.2,CC.1.3.8.A|CC.1.2.8.A,8,8,8,on_grade,ELA,miacademy_reading_comp_8,6,PENDING_VERIFICATION,True,2026-05-13,miacademy_reading_comp_8
199,,Words in Context,Miacademy & MiaPrep Learning Channel,youtube,,,,,,context_clues_8,Context Clues / Words in Context (8th),L/RI,general,L.8.4a|RI.8.4,CC.1.3.8.F|CC.1.2.8.F,8,8,8,on_grade,ELA,miacademy_reading_comp_8,7,PENDING_VERIFICATION,True,2026-05-13,miacademy_reading_comp_8
200,,The Outsiders (Novel Study),Miacademy & MiaPrep Learning Channel,youtube,,,,,,novel_study_8,Independent Novel Study (8th),RL,general,RL.8.10,CC.1.3.8.K,8,8,8,on_grade,ELA,miacademy_reading_comp_8,8,PENDING_VERIFICATION,True,2026-05-13,miacademy_reading_comp_8
201,,Funny Business: Close Reading,Miacademy & MiaPrep Learning Channel,youtube,,,,,,close_reading_8,Close Reading (8th),RL/RI,general,RL.8.1|RI.8.1,CC.1.3.8.A|CC.1.2.8.A,8,8,8,on_grade,ELA,khan_8_reading_vocab,1,PENDING_VERIFICATION,True,2026-05-13,khan_8_reading_vocab
202,,Funny Business: Central Idea,Miacademy & MiaPrep Learning Channel,youtube,,,,,,central_idea_8,Central Idea / Main Idea (8th),RL/RI,general,RL.8.2|RI.8.2,CC.1.3.8.A|CC.1.2.8.A,8,8,8,on_grade,ELA,khan_8_reading_vocab,2,PENDING_VERIFICATION,True,2026-05-13,khan_8_reading_vocab
203,,Funny Business: Author's Purpose & Tone,Miacademy & MiaPrep Learning Channel,youtube,,,,,,rhetorical_analysis_8,Rhetorical Analysis (8th),RI,general,RI.8.6|RI.8.8,CC.1.2.8.D|CC.1.2.8.H,8,8,8,on_grade,ELA,khan_8_reading_vocab,3,PENDING_VERIFICATION,True,2026-05-13,khan_8_reading_vocab
204,,Funny Business: Vocabulary in Context,Miacademy & MiaPrep Learning Channel,youtube,,,,,,vocab_in_context_8,Vocabulary in Context (8th),L/RI,general,L.8.4a|RI.8.4,CC.1.3.8.F|CC.1.2.8.F,8,8,8,on_grade,ELA,khan_8_reading_vocab,4,PENDING_VERIFICATION,True,2026-05-13,khan_8_reading_vocab
205,,Funny Business: Word Relationships,Miacademy & MiaPrep Learning Channel,youtube,,,,,,word_relationships_8,Word Relationships (Connotation/Denotation/Nuance),L,general,L.8.5|L.8.5b|L.8.5c,CC.1.3.8.F,8,8,8,on_grade,ELA,khan_8_reading_vocab,5,PENDING_VERIFICATION,True,2026-05-13,khan_8_reading_vocab
206,,Crossing the Line: Close Reading,Miacademy & MiaPrep Learning Channel,youtube,,,,,,close_reading_8,Close Reading (8th),RL/RI,general,RL.8.1|RI.8.1,CC.1.3.8.A|CC.1.2.8.A,8,8,8,on_grade,ELA,khan_8_reading_vocab,6,PENDING_VERIFICATION,True,2026-05-13,khan_8_reading_vocab
207,,Crossing the Line: Theme,Miacademy & MiaPrep Learning Channel,youtube,,,,,,theme_8,Theme (8th),RL,general,RL.8.2,CC.1.3.8.A,8,8,8,on_grade,ELA,khan_8_reading_vocab,7,PENDING_VERIFICATION,True,2026-05-13,khan_8_reading_vocab
208,,Crossing the Line: Characterization,Miacademy & MiaPrep Learning Channel,youtube,,,,,,characterization_8,Characterization (8th),RL,general,RL.8.3,CC.1.3.8.C,8,8,8,on_grade,ELA,khan_8_reading_vocab,8,PENDING_VERIFICATION,True,2026-05-13,khan_8_reading_vocab
209,,Crossing the Line: Greek & Latin Roots,Miacademy & MiaPrep Learning Channel,youtube,,,,,,greek_latin_roots_8,Greek & Latin Roots (8th),L,general,L.8.4b,CC.1.3.8.F,8,8,8,on_grade,ELA,khan_8_reading_vocab,9,PENDING_VERIFICATION,True,2026-05-13,khan_8_reading_vocab
210,,Crossing the Line: Connotation & Denotation,Miacademy & MiaPrep Learning Channel,youtube,,,,,,word_relationships_8,Word Relationships (Connotation/Denotation/Nuance),L,general,L.8.5|L.8.5b|L.8.5c,CC.1.3.8.F,8,8,8,on_grade,ELA,khan_8_reading_vocab,10,PENDING_VERIFICATION,True,2026-05-13,khan_8_reading_vocab
211,,To Your Health: Close Reading,Miacademy & MiaPrep Learning Channel,youtube,,,,,,close_reading_8,Close Reading (8th),RL/RI,general,RL.8.1|RI.8.1,CC.1.3.8.A|CC.1.2.8.A,8,8,8,on_grade,ELA,khan_8_reading_vocab,11,PENDING_VERIFICATION,True,2026-05-13,khan_8_reading_vocab
212,,To Your Health: Main Idea & Supporting Details,Miacademy & MiaPrep Learning Channel,youtube,,,,,,central_idea_8,Central Idea / Main Idea (8th),RL/RI,general,RL.8.2|RI.8.2,CC.1.3.8.A|CC.1.2.8.A,8,8,8,on_grade,ELA,khan_8_reading_vocab,12,PENDING_VERIFICATION,True,2026-05-13,khan_8_reading_vocab
213,,To Your Health: Text Structure,Miacademy & MiaPrep Learning Channel,youtube,,,,,,text_structure_8,Text Structure (8th),RI,general,RI.8.5,CC.1.2.8.E,8,8,8,on_grade,ELA,khan_8_reading_vocab,13,PENDING_VERIFICATION,True,2026-05-13,khan_8_reading_vocab
214,,To Your Health: Citing Textual Evidence,Miacademy & MiaPrep Learning Channel,youtube,,,,,,citing_evidence,Citing Textual Evidence,RL/RI,general,RL.6.1|RI.6.1,CC.1.3.6.B|CC.1.2.6.B,8,8,8,on_grade,ELA,khan_8_reading_vocab,14,PENDING_VERIFICATION,True,2026-05-13,khan_8_reading_vocab
215,,To Your Health: Vocabulary in Context,Miacademy & MiaPrep Learning Channel,youtube,,,,,,vocab_in_context_8,Vocabulary in Context (8th),L/RI,general,L.8.4a|RI.8.4,CC.1.3.8.F|CC.1.2.8.F,8,8,8,on_grade,ELA,khan_8_reading_vocab,15,PENDING_VERIFICATION,True,2026-05-13,khan_8_reading_vocab
216,,Hindsight is 20-20: Close Reading,Miacademy & MiaPrep Learning Channel,youtube,,,,,,close_reading_8,Close Reading (8th),RL/RI,general,RL.8.1|RI.8.1,CC.1.3.8.A|CC.1.2.8.A,8,8,8,on_grade,ELA,khan_8_reading_vocab,16,PENDING_VERIFICATION,True,2026-05-13,khan_8_reading_vocab
217,,Hindsight is 20-20: Point of View,Miacademy & MiaPrep Learning Channel,youtube,,,,,,point_of_view_8,Point of View (8th),RL,general,RL.8.6,CC.1.3.8.D,8,8,8,on_grade,ELA,khan_8_reading_vocab,17,PENDING_VERIFICATION,True,2026-05-13,khan_8_reading_vocab
218,,Hindsight is 20-20: Tone & Mood,Miacademy & MiaPrep Learning Channel,youtube,,,,,,tone_mood_8,Tone & Mood (8th),RL,general,RL.8.4,CC.1.3.8.F,8,8,8,on_grade,ELA,khan_8_reading_vocab,18,PENDING_VERIFICATION,True,2026-05-13,khan_8_reading_vocab
219,,Hindsight is 20-20: Word Roots,Miacademy & MiaPrep Learning Channel,youtube,,,,,,greek_latin_roots_8,Greek & Latin Roots (8th),L,general,L.8.4b,CC.1.3.8.F,8,8,8,on_grade,ELA,khan_8_reading_vocab,19,PENDING_VERIFICATION,True,2026-05-13,khan_8_reading_vocab
220,,Hindsight is 20-20: Figurative Language,Miacademy & MiaPrep Learning Channel,youtube,,,,,,figurative_language_8,Figurative Language (8th),RL/L,general,RL.8.4|L.8.5a,CC.1.3.8.F,8,8,8,on_grade,ELA,khan_8_reading_vocab,20,PENDING_VERIFICATION,True,2026-05-13,khan_8_reading_vocab
221,,Identity: Close Reading,Miacademy & MiaPrep Learning Channel,youtube,,,,,,close_reading_8,Close Reading (8th),RL/RI,general,RL.8.1|RI.8.1,CC.1.3.8.A|CC.1.2.8.A,8,8,8,on_grade,ELA,khan_8_reading_vocab,21,PENDING_VERIFICATION,True,2026-05-13,khan_8_reading_vocab
222,,Identity: Theme,Miacademy & MiaPrep Learning Channel,youtube,,,,,,theme_8,Theme (8th),RL,general,RL.8.2,CC.1.3.8.A,8,8,8,on_grade,ELA,khan_8_reading_vocab,22,PENDING_VERIFICATION,True,2026-05-13,khan_8_reading_vocab
223,,Identity: Characterization,Miacademy & MiaPrep Learning Channel,youtube,,,,,,characterization_8,Characterization (8th),RL,general,RL.8.3,CC.1.3.8.C,8,8,8,on_grade,ELA,khan_8_reading_vocab,23,PENDING_VERIFICATION,True,2026-05-13,khan_8_reading_vocab
224,,Identity: Point of View,Miacademy & MiaPrep Learning Channel,youtube,,,,,,point_of_view_8,Point of View (8th),RL,general,RL.8.6,CC.1.3.8.D,8,8,8,on_grade,ELA,khan_8_reading_vocab,24,PENDING_VERIFICATION,True,2026-05-13,khan_8_reading_vocab
225,,Identity: Vocabulary in Context,Miacademy & MiaPrep Learning Channel,youtube,,,,,,vocab_in_context_8,Vocabulary in Context (8th),L/RI,general,L.8.4a|RI.8.4,CC.1.3.8.F|CC.1.2.8.F,8,8,8,on_grade,ELA,khan_8_reading_vocab,25,PENDING_VERIFICATION,True,2026-05-13,khan_8_reading_vocab
226,,Heroes & Heroines: Close Reading,Miacademy & MiaPrep Learning Channel,youtube,,,,,,close_reading_8,Close Reading (8th),RL/RI,general,RL.8.1|RI.8.1,CC.1.3.8.A|CC.1.2.8.A,8,8,8,on_grade,ELA,khan_8_reading_vocab,26,PENDING_VERIFICATION,True,2026-05-13,khan_8_reading_vocab
227,,Heroes & Heroines: Author's Purpose,Miacademy & MiaPrep Learning Channel,youtube,,,,,,rhetorical_analysis_8,Rhetorical Analysis (8th),RI,general,RI.8.6|RI.8.8,CC.1.2.8.D|CC.1.2.8.H,8,8,8,on_grade,ELA,khan_8_reading_vocab,27,PENDING_VERIFICATION,True,2026-05-13,khan_8_reading_vocab
228,,Heroes & Heroines: Summarizing,Miacademy & MiaPrep Learning Channel,youtube,,,,,,summarizing_8,Summarizing (8th),RL/RI,general,RL.8.2|RI.8.2,CC.1.3.8.A|CC.1.2.8.A,8,8,8,on_grade,ELA,khan_8_reading_vocab,28,PENDING_VERIFICATION,True,2026-05-13,khan_8_reading_vocab
229,,Heroes & Heroines: Word Relationships,Miacademy & MiaPrep Learning Channel,youtube,,,,,,word_relationships_8,Word Relationships (Connotation/Denotation/Nuance),L,general,L.8.5|L.8.5b|L.8.5c,CC.1.3.8.F,8,8,8,on_grade,ELA,khan_8_reading_vocab,29,PENDING_VERIFICATION,True,2026-05-13,khan_8_reading_vocab
230,,Heroes & Heroines: Course Review,Miacademy & MiaPrep Learning Channel,youtube,,,,,,course_intro,Course Introduction,n/a,general,,,8,8,8,on_grade,ELA,khan_8_reading_vocab,30,PENDING_VERIFICATION,True,2026-05-13,khan_8_reading_vocab
231,,Introduction to 5th Grade ELA,Miacademy & MiaPrep Learning Channel,youtube,,,,,,course_intro,Course Introduction,n/a,general,,,5,5,5,on_grade,ELA,khan_5_ela,1,PENDING_VERIFICATION,True,2026-05-13,khan_5_ela
232,,Citing Evidence from a Text,Miacademy & MiaPrep Learning Channel,youtube,,,,,,citing_evidence_5,Citing Textual Evidence (5th),RL/RI,general,RL.5.1|RI.5.1,CC.1.3.5.B|CC.1.2.5.B,5,5,5,on_grade,ELA,khan_5_ela,2,PENDING_VERIFICATION,True,2026-05-13,khan_5_ela
233,,Determining Main Idea & Key Details,Miacademy & MiaPrep Learning Channel,youtube,,,,,,main_idea_5,Main Idea & Key Details (5th),RL/RI,general,RL.5.2|RI.5.2,CC.1.3.5.A|CC.1.2.5.A,5,5,5,on_grade,ELA,khan_5_ela,3,PENDING_VERIFICATION,True,2026-05-13,khan_5_ela
234,,Determining the Theme of a Story,Miacademy & MiaPrep Learning Channel,youtube,,,,,,theme_5,Theme (5th),RL,general,RL.5.2,CC.1.3.5.A,5,5,5,on_grade,ELA,khan_5_ela,4,PENDING_VERIFICATION,True,2026-05-13,khan_5_ela
235,,Summarizing a Text,Miacademy & MiaPrep Learning Channel,youtube,,,,,,summarizing_5,Summarizing (5th),RL/RI,general,RL.5.2|RI.5.2,CC.1.3.5.A|CC.1.2.5.A,5,5,5,on_grade,ELA,khan_5_ela,5,PENDING_VERIFICATION,True,2026-05-13,khan_5_ela
236,,Finding Two or More Main Ideas in Informational Text,Miacademy & MiaPrep Learning Channel,youtube,,,,,,main_idea_5,Main Idea & Key Details (5th),RL/RI,general,RL.5.2|RI.5.2,CC.1.3.5.A|CC.1.2.5.A,5,5,5,on_grade,ELA,khan_5_ela,6,PENDING_VERIFICATION,True,2026-05-13,khan_5_ela
237,,"Comparing Characters, Settings, and Events",Miacademy & MiaPrep Learning Channel,youtube,,,,,,comparing_characters_5,Comparing Characters/Settings/Events,RL,general,RL.5.3,CC.1.3.5.C,5,5,5,on_grade,ELA,khan_5_ela,7,PENDING_VERIFICATION,True,2026-05-13,khan_5_ela
238,,Point of View in a Story,Miacademy & MiaPrep Learning Channel,youtube,,,,,,point_of_view_5,Point of View (5th),RL,general,RL.5.6,CC.1.3.5.D,5,5,5,on_grade,ELA,khan_5_ela,8,PENDING_VERIFICATION,True,2026-05-13,khan_5_ela
239,,"Text Structure (Compare/Contrast, Cause/Effect)",Miacademy & MiaPrep Learning Channel,youtube,,,,,,text_structure_5,Text Structure (5th),RL/RI,general,RL.5.5|RI.5.5,CC.1.3.5.E|CC.1.2.5.E,5,5,5,on_grade,ELA,khan_5_ela,9,PENDING_VERIFICATION,True,2026-05-13,khan_5_ela
240,,Figurative Language: Similes & Metaphors,Miacademy & MiaPrep Learning Channel,youtube,,,,,,figurative_language_5,Figurative Language (5th),RL/L,general,RL.5.4|L.5.5,CC.1.3.5.F,5,5,5,on_grade,ELA,khan_5_ela,10,PENDING_VERIFICATION,True,2026-05-13,khan_5_ela
241,,Using Context Clues to Determine Word Meaning,Miacademy & MiaPrep Learning Channel,youtube,,,,,,context_clues_5,Context Clues / Word Meaning (5th),L/RI,general,L.5.4a|RI.5.4,CC.1.3.5.F|CC.1.2.5.F,5,5,5,on_grade,ELA,khan_5_ela,11,PENDING_VERIFICATION,True,2026-05-13,khan_5_ela
242,fnCh8UexntQ,Nouns Part 1: What is a Noun?,Mind Blooming,youtube,https://www.youtube.com/watch?v=fnCh8UexntQ,https://www.youtube.com/embed/fnCh8UexntQ,https://img.youtube.com/vi/fnCh8UexntQ/hqdefault.jpg,https://img.youtube.com/vi/fnCh8UexntQ/maxresdefault.jpg,,nouns_common_proper,Common & Proper Nouns,L,general,L.3.1a,CC.1.4.3.F,4,3,5,on_grade,ELA,mind_blooming_ela,1,PENDING,False,2026-05-13,mind_blooming_ela
243,ppNtch3wRJ4,Nouns Part 2: Common & Proper Nouns,Mind Blooming,youtube,https://www.youtube.com/watch?v=ppNtch3wRJ4,https://www.youtube.com/embed/ppNtch3wRJ4,https://img.youtube.com/vi/ppNtch3wRJ4/hqdefault.jpg,https://img.youtube.com/vi/ppNtch3wRJ4/maxresdefault.jpg,,nouns_common_proper,Common & Proper Nouns,L,general,L.3.1a,CC.1.4.3.F,4,3,5,on_grade,ELA,mind_blooming_ela,2,PENDING,False,2026-05-13,mind_blooming_ela
244,xeOXwZflwmg,Nouns Part 3: Singular & Plural Nouns,Mind Blooming,youtube,https://www.youtube.com/watch?v=xeOXwZflwmg,https://www.youtube.com/embed/xeOXwZflwmg,https://img.youtube.com/vi/xeOXwZflwmg/hqdefault.jpg,https://img.youtube.com/vi/xeOXwZflwmg/maxresdefault.jpg,,nouns_plural_regular,Plural Nouns (Regular),L,general,L.3.1b|L.3.2e,CC.1.4.3.F,4,3,5,on_grade,ELA,mind_blooming_ela,3,PENDING,False,2026-05-13,mind_blooming_ela
245,sG10HhMpans,Nouns Part 4: Irregular Plural Nouns,Mind Blooming,youtube,https://www.youtube.com/watch?v=sG10HhMpans,https://www.youtube.com/embed/sG10HhMpans,https://img.youtube.com/vi/sG10HhMpans/hqdefault.jpg,https://img.youtube.com/vi/sG10HhMpans/maxresdefault.jpg,,nouns_plural_irregular,Plural Nouns (Irregular),L,general,L.3.1b,CC.1.4.3.F,4,3,5,on_grade,ELA,mind_blooming_ela,4,PENDING,False,2026-05-13,mind_blooming_ela
246,EnyWRopHTuM,Nouns Part 5: Possessive Nouns,Mind Blooming,youtube,https://www.youtube.com/watch?v=EnyWRopHTuM,https://www.youtube.com/embed/EnyWRopHTuM,https://img.youtube.com/vi/EnyWRopHTuM/hqdefault.jpg,https://img.youtube.com/vi/EnyWRopHTuM/maxresdefault.jpg,,nouns_possessive,Possessive Nouns,L,general,L.3.2d,CC.1.4.3.F,4,3,5,on_grade,ELA,mind_blooming_ela,5,PENDING,False,2026-05-13,mind_blooming_ela
247,eG9wOSM2eoQ,Verbs Part 1: Action Verbs,Mind Blooming,youtube,https://www.youtube.com/watch?v=eG9wOSM2eoQ,https://www.youtube.com/embed/eG9wOSM2eoQ,https://img.youtube.com/vi/eG9wOSM2eoQ/hqdefault.jpg,https://img.youtube.com/vi/eG9wOSM2eoQ/maxresdefault.jpg,,verbs_action,Action Verbs,L,general,L.3.1a,CC.1.4.3.F,4,3,5,on_grade,ELA,mind_blooming_ela,6,PENDING,False,2026-05-13,mind_blooming_ela
248,ZqtqnNFfDXE,Verbs Part 2: Subject-Verb Agreement,Mind Blooming,youtube,https://www.youtube.com/watch?v=ZqtqnNFfDXE,https://www.youtube.com/embed/ZqtqnNFfDXE,https://img.youtube.com/vi/ZqtqnNFfDXE/hqdefault.jpg,https://img.youtube.com/vi/ZqtqnNFfDXE/maxresdefault.jpg,,verbs_subject_agreement,Subject-Verb Agreement,L,general,L.3.1f,CC.1.4.3.F,4,3,5,on_grade,ELA,mind_blooming_ela,7,PENDING,False,2026-05-13,mind_blooming_ela
249,B2r4LBm6RZU,Verbs Part 5: Linking Verbs,Mind Blooming,youtube,https://www.youtube.com/watch?v=B2r4LBm6RZU,https://www.youtube.com/embed/B2r4LBm6RZU,https://img.youtube.com/vi/B2r4LBm6RZU/hqdefault.jpg,https://img.youtube.com/vi/B2r4LBm6RZU/maxresdefault.jpg,,verbs_action,Action Verbs,L,general,L.3.1a,CC.1.4.3.F,4,3,5,on_grade,ELA,mind_blooming_ela,8,PENDING,False,2026-05-13,mind_blooming_ela
250,a2lneKI1dW4,Adjectives Part 1: What are Adjectives?,Mind Blooming,youtube,https://www.youtube.com/watch?v=a2lneKI1dW4,https://www.youtube.com/embed/a2lneKI1dW4,https://img.youtube.com/vi/a2lneKI1dW4/hqdefault.jpg,https://img.youtube.com/vi/a2lneKI1dW4/maxresdefault.jpg,,adjectives,Adjectives,L,general,L.3.1a,CC.1.4.3.F,4,3,5,on_grade,ELA,mind_blooming_ela,9,PENDING,False,2026-05-13,mind_blooming_ela
251,AUSAHPcjR9o,Adjectives Part 2: Comparative & Superlative,Mind Blooming,youtube,https://www.youtube.com/watch?v=AUSAHPcjR9o,https://www.youtube.com/embed/AUSAHPcjR9o,https://img.youtube.com/vi/AUSAHPcjR9o/hqdefault.jpg,https://img.youtube.com/vi/AUSAHPcjR9o/maxresdefault.jpg,,adjectives_comparative,Comparative & Superlative Adjectives,L,general,L.3.1g,CC.1.4.3.F,4,3,5,on_grade,ELA,mind_blooming_ela,10,PENDING,False,2026-05-13,mind_blooming_ela
252,9Jg1aFgmEgI,Adjectives Part 3: Articles,Mind Blooming,youtube,https://www.youtube.com/watch?v=9Jg1aFgmEgI,https://www.youtube.com/embed/9Jg1aFgmEgI,https://img.youtube.com/vi/9Jg1aFgmEgI/hqdefault.jpg,https://img.youtube.com/vi/9Jg1aFgmEgI/maxresdefault.jpg,,adjectives,Adjectives,L,general,L.3.1a,CC.1.4.3.F,4,3,5,on_grade,ELA,mind_blooming_ela,11,PENDING,False,2026-05-13,mind_blooming_ela
253,drbcKE1Pcsc,Adverbs: What is an Adverb?,Mind Blooming,youtube,https://www.youtube.com/watch?v=drbcKE1Pcsc,https://www.youtube.com/embed/drbcKE1Pcsc,https://img.youtube.com/vi/drbcKE1Pcsc/hqdefault.jpg,https://img.youtube.com/vi/drbcKE1Pcsc/maxresdefault.jpg,,adverbs,Adverbs,L,general,L.3.1a,CC.1.4.3.F,4,3,5,on_grade,ELA,mind_blooming_ela,12,PENDING,False,2026-05-13,mind_blooming_ela
254,B2CO4TvynYA,Pronouns Part 1: Subject Pronoun,Mind Blooming,youtube,https://www.youtube.com/watch?v=B2CO4TvynYA,https://www.youtube.com/embed/B2CO4TvynYA,https://img.youtube.com/vi/B2CO4TvynYA/hqdefault.jpg,https://img.youtube.com/vi/B2CO4TvynYA/maxresdefault.jpg,,pronouns,"Pronouns (Subject, Object, Possessive)",L,general,L.3.1a|L.3.1f,CC.1.4.3.F,4,3,5,on_grade,ELA,mind_blooming_ela,13,PENDING,False,2026-05-13,mind_blooming_ela
255,TNHcBDE88oY,Prefixes,Mind Blooming,youtube,https://www.youtube.com/watch?v=TNHcBDE88oY,https://www.youtube.com/embed/TNHcBDE88oY,https://img.youtube.com/vi/TNHcBDE88oY/hqdefault.jpg,https://img.youtube.com/vi/TNHcBDE88oY/maxresdefault.jpg,,prefixes,Prefixes,L/RF,general,L.3.4b|RF.3.3a,CC.1.1.3.E,4,3,5,on_grade,ELA,mind_blooming_ela,14,PENDING,False,2026-05-13,mind_blooming_ela
256,qJx9E1Ed1Pc,Suffixes,Mind Blooming,youtube,https://www.youtube.com/watch?v=qJx9E1Ed1Pc,https://www.youtube.com/embed/qJx9E1Ed1Pc,https://img.youtube.com/vi/qJx9E1Ed1Pc/hqdefault.jpg,https://img.youtube.com/vi/qJx9E1Ed1Pc/maxresdefault.jpg,,suffixes,Suffixes,L/RF,general,L.3.4b|RF.3.3a,CC.1.1.3.E,4,3,5,on_grade,ELA,mind_blooming_ela,15,PENDING,False,2026-05-13,mind_blooming_ela
257,U2XMIsx6FEE,Synonyms,Mind Blooming,youtube,https://www.youtube.com/watch?v=U2XMIsx6FEE,https://www.youtube.com/embed/U2XMIsx6FEE,https://img.youtube.com/vi/U2XMIsx6FEE/hqdefault.jpg,https://img.youtube.com/vi/U2XMIsx6FEE/maxresdefault.jpg,,synonyms,Synonyms,L,general,L.3.5b,CC.1.4.3.F,4,3,5,on_grade,ELA,mind_blooming_ela,16,PENDING,False,2026-05-13,mind_blooming_ela
258,47ml9OS0fEo,Antonyms,Mind Blooming,youtube,https://www.youtube.com/watch?v=47ml9OS0fEo,https://www.youtube.com/embed/47ml9OS0fEo,https://img.youtube.com/vi/47ml9OS0fEo/hqdefault.jpg,https://img.youtube.com/vi/47ml9OS0fEo/maxresdefault.jpg,,antonyms,Antonyms,L,general,L.3.5b,CC.1.4.3.F,4,3,5,on_grade,ELA,mind_blooming_ela,17,PENDING,False,2026-05-13,mind_blooming_ela
259,7wq9zhiuVkY,Similes,Mind Blooming,youtube,https://www.youtube.com/watch?v=7wq9zhiuVkY,https://www.youtube.com/embed/7wq9zhiuVkY,https://img.youtube.com/vi/7wq9zhiuVkY/hqdefault.jpg,https://img.youtube.com/vi/7wq9zhiuVkY/maxresdefault.jpg,,figurative_language,"Figurative Language (Similes, Metaphors, etc.)",RL/L,general,RL.3.4|L.3.5,CC.1.3.3.F|CC.1.2.3.J,4,3,5,on_grade,ELA,mind_blooming_ela,18,PENDING,False,2026-05-13,mind_blooming_ela
260,JPz1JiboOio,Metaphors,Mind Blooming,youtube,https://www.youtube.com/watch?v=JPz1JiboOio,https://www.youtube.com/embed/JPz1JiboOio,https://img.youtube.com/vi/JPz1JiboOio/hqdefault.jpg,https://img.youtube.com/vi/JPz1JiboOio/maxresdefault.jpg,,figurative_language,"Figurative Language (Similes, Metaphors, etc.)",RL/L,general,RL.3.4|L.3.5,CC.1.3.3.F|CC.1.2.3.J,4,3,5,on_grade,ELA,mind_blooming_ela,19,PENDING,False,2026-05-13,mind_blooming_ela
261,1M0pFLXegG0,"Story Elements Part 1: Characters, Setting, Events",Mind Blooming,youtube,https://www.youtube.com/watch?v=1M0pFLXegG0,https://www.youtube.com/embed/1M0pFLXegG0,https://img.youtube.com/vi/1M0pFLXegG0/hqdefault.jpg,https://img.youtube.com/vi/1M0pFLXegG0/maxresdefault.jpg,,story_structure,Story Structure (Beginning / Middle / End),RL,general,RL.3.5,CC.1.3.3.E,4,3,5,on_grade,ELA,mind_blooming_ela,20,PENDING,False,2026-05-13,mind_blooming_ela
262,RGzKUdWkcAs,Story Elements Part 2: Problem and Solution,Mind Blooming,youtube,https://www.youtube.com/watch?v=RGzKUdWkcAs,https://www.youtube.com/embed/RGzKUdWkcAs,https://img.youtube.com/vi/RGzKUdWkcAs/hqdefault.jpg,https://img.youtube.com/vi/RGzKUdWkcAs/maxresdefault.jpg,,story_structure,Story Structure (Beginning / Middle / End),RL,general,RL.3.5,CC.1.3.3.E,4,3,5,on_grade,ELA,mind_blooming_ela,21,PENDING,False,2026-05-13,mind_blooming_ela
263,xJGQIYU_xhs,Main Idea,Mind Blooming,youtube,https://www.youtube.com/watch?v=xJGQIYU_xhs,https://www.youtube.com/embed/xJGQIYU_xhs,https://img.youtube.com/vi/xJGQIYU_xhs/hqdefault.jpg,https://img.youtube.com/vi/xJGQIYU_xhs/maxresdefault.jpg,,main_idea_general,Main Idea & Supporting Details,RL/RI,general,RL.3.2|RI.3.2,CC.1.3.3.A|CC.1.2.3.A,4,3,5,on_grade,ELA,mind_blooming_ela,22,PENDING,False,2026-05-13,mind_blooming_ela
264,xwkKBIzpRXE,Theme,Mind Blooming,youtube,https://www.youtube.com/watch?v=xwkKBIzpRXE,https://www.youtube.com/embed/xwkKBIzpRXE,https://img.youtube.com/vi/xwkKBIzpRXE/hqdefault.jpg,https://img.youtube.com/vi/xwkKBIzpRXE/maxresdefault.jpg,,theme_central_message,Theme / Central Message,RL,general,RL.3.2,CC.1.3.3.A,4,3,5,on_grade,ELA,mind_blooming_ela,23,PENDING,False,2026-05-13,mind_blooming_ela
265,eHCpJ86XDY4,Context Clues,Mind Blooming,youtube,https://www.youtube.com/watch?v=eHCpJ86XDY4,https://www.youtube.com/embed/eHCpJ86XDY4,https://img.youtube.com/vi/eHCpJ86XDY4/hqdefault.jpg,https://img.youtube.com/vi/eHCpJ86XDY4/maxresdefault.jpg,,context_clues,Context Clues for Unknown Words,RI/L,general,RI.3.4|L.3.4,CC.1.2.3.F|CC.1.3.3.I,4,3,5,on_grade,ELA,mind_blooming_ela,24,PENDING,False,2026-05-13,mind_blooming_ela
266,VJhciALHdwY,Fact and Opinion,Mind Blooming,youtube,https://www.youtube.com/watch?v=VJhciALHdwY,https://www.youtube.com/embed/VJhciALHdwY,https://img.youtube.com/vi/VJhciALHdwY/hqdefault.jpg,https://img.youtube.com/vi/VJhciALHdwY/maxresdefault.jpg,,fact_opinion,Fact vs. Opinion,RI,general,RI.3.8,CC.1.2.3.H,4,3,5,on_grade,ELA,mind_blooming_ela,25,PENDING,False,2026-05-13,mind_blooming_ela
267,enm4afX-izA,Author's Purpose,Mind Blooming,youtube,https://www.youtube.com/watch?v=enm4afX-izA,https://www.youtube.com/embed/enm4afX-izA,https://img.youtube.com/vi/enm4afX-izA/hqdefault.jpg,https://img.youtube.com/vi/enm4afX-izA/maxresdefault.jpg,,authors_purpose,Author's Purpose (PIE),RI,general,RI.3.6|RI.3.8,CC.1.2.3.D,4,3,5,on_grade,ELA,mind_blooming_ela,26,PENDING,False,2026-05-13,mind_blooming_ela
268,SBTldiZu8Sc,Compare and Contrast,Mind Blooming,youtube,https://www.youtube.com/watch?v=SBTldiZu8Sc,https://www.youtube.com/embed/SBTldiZu8Sc,https://img.youtube.com/vi/SBTldiZu8Sc/hqdefault.jpg,https://img.youtube.com/vi/SBTldiZu8Sc/maxresdefault.jpg,,text_structure,"Text Structure (Compare/Contrast, Cause/Effect, Sequence)",RI,general,RI.3.8,CC.1.2.3.E,4,3,5,on_grade,ELA,mind_blooming_ela,27,PENDING,False,2026-05-13,mind_blooming_ela
269,T7uq3g0TVpU,Cause and Effect,Mind Blooming,youtube,https://www.youtube.com/watch?v=T7uq3g0TVpU,https://www.youtube.com/embed/T7uq3g0TVpU,https://img.youtube.com/vi/T7uq3g0TVpU/hqdefault.jpg,https://img.youtube.com/vi/T7uq3g0TVpU/maxresdefault.jpg,,text_structure,"Text Structure (Compare/Contrast, Cause/Effect, Sequence)",RI,general,RI.3.8,CC.1.2.3.E,4,3,5,on_grade,ELA,mind_blooming_ela,28,PENDING,False,2026-05-13,mind_blooming_ela
270,4AMptAmS_xM,Sequence of Events,Mind Blooming,youtube,https://www.youtube.com/watch?v=4AMptAmS_xM,https://www.youtube.com/embed/4AMptAmS_xM,https://img.youtube.com/vi/4AMptAmS_xM/hqdefault.jpg,https://img.youtube.com/vi/4AMptAmS_xM/maxresdefault.jpg,,text_structure,"Text Structure (Compare/Contrast, Cause/Effect, Sequence)",RI,general,RI.3.8,CC.1.2.3.E,4,3,5,on_grade,ELA,mind_blooming_ela,29,PENDING,False,2026-05-13,mind_blooming_ela
271,Y8ht-me6kj0,Description Text Structure Nonfiction Text for Kids,GRASPhopper,youtube,https://www.youtube.com/watch?v=Y8ht-me6kj0,https://www.youtube.com/embed/Y8ht-me6kj0,https://img.youtube.com/vi/Y8ht-me6kj0/hqdefault.jpg,https://img.youtube.com/vi/Y8ht-me6kj0/maxresdefault.jpg,,text_structure,"Text Structure (Compare/Contrast, Cause/Effect, Sequence)",RI,nonfiction,RI.3.8,CC.1.2.3.E,4,3,5,on_grade,ELA,grasphopper_text_structure,1,PENDING,False,2026-05-13,grasphopper_text_structure
272,,Sequence Text Structure Nonfiction Text for Kids,GRASPhopper,youtube,,,,,,text_structure,"Text Structure (Compare/Contrast, Cause/Effect, Sequence)",RI,nonfiction,RI.3.8,CC.1.2.3.E,4,3,5,on_grade,ELA,grasphopper_text_structure,2,PENDING_VERIFICATION,True,2026-05-13,grasphopper_text_structure
273,5BxPg8LsSdQ,Cause and Effect Text Structure Nonfiction Texts for Kids,GRASPhopper,youtube,https://www.youtube.com/watch?v=5BxPg8LsSdQ,https://www.youtube.com/embed/5BxPg8LsSdQ,https://img.youtube.com/vi/5BxPg8LsSdQ/hqdefault.jpg,https://img.youtube.com/vi/5BxPg8LsSdQ/maxresdefault.jpg,,text_structure,"Text Structure (Compare/Contrast, Cause/Effect, Sequence)",RI,nonfiction,RI.3.8,CC.1.2.3.E,4,3,5,on_grade,ELA,grasphopper_text_structure,3,PENDING,False,2026-05-13,grasphopper_text_structure
274,2enr-yY68tg,Compare and Contrast Text Structure Nonfiction Texts for Kids,GRASPhopper,youtube,https://www.youtube.com/watch?v=2enr-yY68tg,https://www.youtube.com/embed/2enr-yY68tg,https://img.youtube.com/vi/2enr-yY68tg/hqdefault.jpg,https://img.youtube.com/vi/2enr-yY68tg/maxresdefault.jpg,,text_structure,"Text Structure (Compare/Contrast, Cause/Effect, Sequence)",RI,nonfiction,RI.3.8,CC.1.2.3.E,4,3,5,on_grade,ELA,grasphopper_text_structure,4,PENDING,False,2026-05-13,grasphopper_text_structure
275,bqWYlsVGsPs,Problem and Solution Text Structure Nonfiction Text for Kids,GRASPhopper,youtube,https://www.youtube.com/watch?v=bqWYlsVGsPs,https://www.youtube.com/embed/bqWYlsVGsPs,https://img.youtube.com/vi/bqWYlsVGsPs/hqdefault.jpg,https://img.youtube.com/vi/bqWYlsVGsPs/maxresdefault.jpg,,text_structure,"Text Structure (Compare/Contrast, Cause/Effect, Sequence)",RI,nonfiction,RI.3.8,CC.1.2.3.E,4,3,5,on_grade,ELA,grasphopper_text_structure,5,PENDING,False,2026-05-13,grasphopper_text_structure
