entityType,entityId,source,ruleId,severity,result,evidence
diagnostic_item,40001,generated,PSSA_ITEM_HAS_STANDARD_AND_KEY,INFO,PASS,Standard and backend answer key present.
diagnostic_item,40002,generated,PSSA_ITEM_HAS_STANDARD_AND_KEY,INFO,PASS,Standard and backend answer key present.
diagnostic_item,40003,generated,PSSA_ITEM_HAS_STANDARD_AND_KEY,INFO,PASS,Standard and backend answer key present.
diagnostic_item,40004,generated,PSSA_ITEM_HAS_STANDARD_AND_KEY,INFO,PASS,Standard and backend answer key present.
diagnostic_item,40005,generated,PSSA_ITEM_HAS_STANDARD_AND_KEY,INFO,PASS,Standard and backend answer key present.
diagnostic_item,40006,generated,PSSA_ITEM_HAS_STANDARD_AND_KEY,INFO,PASS,Standard and backend answer key present.
diagnostic_item,40007,generated,PSSA_ITEM_HAS_STANDARD_AND_KEY,INFO,PASS,Standard and backend answer key present.
diagnostic_item,40008,generated,PSSA_ITEM_HAS_STANDARD_AND_KEY,INFO,PASS,Standard and backend answer key present.
diagnostic_item,40009,generated,PSSA_ITEM_HAS_STANDARD_AND_KEY,INFO,PASS,Standard and backend answer key present.
diagnostic_item,40010,generated,PSSA_ITEM_HAS_STANDARD_AND_KEY,INFO,PASS,Standard and backend answer key present.
diagnostic_item,40011,generated,PSSA_ITEM_HAS_STANDARD_AND_KEY,INFO,PASS,Standard and backend answer key present.
diagnostic_item,40012,generated,PSSA_ITEM_HAS_STANDARD_AND_KEY,INFO,PASS,Standard and backend answer key present.
diagnostic_item,40013,generated,PSSA_ITEM_HAS_STANDARD_AND_KEY,INFO,PASS,Standard and backend answer key present.
diagnostic_item,40014,generated,PSSA_ITEM_HAS_STANDARD_AND_KEY,INFO,PASS,Standard and backend answer key present.
diagnostic_item,40015,generated,PSSA_ITEM_HAS_STANDARD_AND_KEY,INFO,PASS,Standard and backend answer key present.
diagnostic_item,40016,generated,PSSA_ITEM_HAS_STANDARD_AND_KEY,INFO,PASS,Standard and backend answer key present.
diagnostic_item,40017,generated,PSSA_ITEM_HAS_STANDARD_AND_KEY,INFO,PASS,Standard and backend answer key present.
diagnostic_item,40018,generated,PSSA_ITEM_HAS_STANDARD_AND_KEY,INFO,PASS,Standard and backend answer key present.
diagnostic_item,40019,generated,PSSA_ITEM_HAS_STANDARD_AND_KEY,INFO,PASS,Standard and backend answer key present.
diagnostic_item,40020,generated,PSSA_ITEM_HAS_STANDARD_AND_KEY,INFO,PASS,Standard and backend answer key present.
diagnostic_item,40021,generated,PSSA_ITEM_HAS_STANDARD_AND_KEY,INFO,PASS,Standard and backend answer key present.
diagnostic_item,40022,generated,PSSA_ITEM_HAS_STANDARD_AND_KEY,INFO,PASS,Standard and backend answer key present.
diagnostic_item,40023,generated,PSSA_ITEM_HAS_STANDARD_AND_KEY,INFO,PASS,Standard and backend answer key present.
diagnostic_item,40024,generated,PSSA_ITEM_HAS_STANDARD_AND_KEY,INFO,PASS,Standard and backend answer key present.
diagnostic_item,40025,generated,PSSA_ITEM_HAS_STANDARD_AND_KEY,INFO,PASS,Standard and backend answer key present.
diagnostic_item,40026,generated,PSSA_ITEM_HAS_STANDARD_AND_KEY,INFO,PASS,Standard and backend answer key present.
diagnostic_item,40027,generated,PSSA_ITEM_HAS_STANDARD_AND_KEY,INFO,PASS,Standard and backend answer key present.
diagnostic_item,40028,generated,PSSA_ITEM_HAS_STANDARD_AND_KEY,INFO,PASS,Standard and backend answer key present.
diagnostic_item,40029,generated,PSSA_ITEM_HAS_STANDARD_AND_KEY,INFO,PASS,Standard and backend answer key present.
diagnostic_item,40030,generated,PSSA_ITEM_HAS_STANDARD_AND_KEY,INFO,PASS,Standard and backend answer key present.
diagnostic_item,40031,generated,PSSA_ITEM_HAS_STANDARD_AND_KEY,INFO,PASS,Standard and backend answer key present.
diagnostic_item,40032,generated,PSSA_ITEM_HAS_STANDARD_AND_KEY,INFO,PASS,Standard and backend answer key present.
diagnostic_item,40033,generated,PSSA_ITEM_HAS_STANDARD_AND_KEY,INFO,PASS,Standard and backend answer key present.
diagnostic_item,40034,generated,PSSA_ITEM_HAS_STANDARD_AND_KEY,INFO,PASS,Standard and backend answer key present.
diagnostic_item,40035,generated,PSSA_ITEM_HAS_STANDARD_AND_KEY,INFO,PASS,Standard and backend answer key present.
diagnostic_item,40036,generated,PSSA_ITEM_HAS_STANDARD_AND_KEY,INFO,PASS,Standard and backend answer key present.
diagnostic_item,40037,generated,PSSA_ITEM_HAS_STANDARD_AND_KEY,INFO,PASS,Standard and backend answer key present.
diagnostic_item,40038,generated,PSSA_ITEM_HAS_STANDARD_AND_KEY,INFO,PASS,Standard and backend answer key present.
diagnostic_item,40039,generated,PSSA_ITEM_HAS_STANDARD_AND_KEY,INFO,PASS,Standard and backend answer key present.
diagnostic_item,40040,generated,PSSA_ITEM_HAS_STANDARD_AND_KEY,INFO,PASS,Standard and backend answer key present.
diagnostic_item,40041,generated,PSSA_ITEM_HAS_STANDARD_AND_KEY,INFO,PASS,Standard and backend answer key present.
diagnostic_item,40042,generated,PSSA_ITEM_HAS_STANDARD_AND_KEY,INFO,PASS,Standard and backend answer key present.
diagnostic_item,40043,generated,PSSA_ITEM_HAS_STANDARD_AND_KEY,INFO,PASS,Standard and backend answer key present.
diagnostic_item,40044,generated,PSSA_ITEM_HAS_STANDARD_AND_KEY,INFO,PASS,Standard and backend answer key present.
diagnostic_item,40045,generated,PSSA_ITEM_HAS_STANDARD_AND_KEY,INFO,PASS,Standard and backend answer key present.
diagnostic_item,40046,generated,PSSA_ITEM_HAS_STANDARD_AND_KEY,INFO,PASS,Standard and backend answer key present.
diagnostic_item,40047,generated,PSSA_ITEM_HAS_STANDARD_AND_KEY,INFO,PASS,Standard and backend answer key present.
diagnostic_item,40048,generated,PSSA_ITEM_HAS_STANDARD_AND_KEY,INFO,PASS,Standard and backend answer key present.
diagnostic_item,40049,generated,PSSA_ITEM_HAS_STANDARD_AND_KEY,INFO,PASS,Standard and backend answer key present.
diagnostic_item,40050,generated,PSSA_ITEM_HAS_STANDARD_AND_KEY,INFO,PASS,Standard and backend answer key present.
diagnostic_item,40051,generated,PSSA_ITEM_HAS_STANDARD_AND_KEY,INFO,PASS,Standard and backend answer key present.
diagnostic_item,40052,generated,PSSA_ITEM_HAS_STANDARD_AND_KEY,INFO,PASS,Standard and backend answer key present.
diagnostic_item,40053,generated,PSSA_ITEM_HAS_STANDARD_AND_KEY,INFO,PASS,Standard and backend answer key present.
lesson,cmpdh5m7u009qevu9b6sq9ivk,database.learningLesson,PSSA_LESSON_HAS_PRACTICE_AND_REVIEW_STATUS,INFO,PASS,reviewStatus=PENDING_REVIEW; practiceSections=6
lesson,cmpdh63tp009yevu9abub6l5w,database.learningLesson,PSSA_LESSON_HAS_PRACTICE_AND_REVIEW_STATUS,INFO,PASS,reviewStatus=PENDING_REVIEW; practiceSections=6
lesson,cmpdha1hu00abevu9csx08m68,database.learningLesson,PSSA_LESSON_HAS_PRACTICE_AND_REVIEW_STATUS,INFO,PASS,reviewStatus=PENDING_REVIEW; practiceSections=6
lesson,cmpdhas9n00ajevu9teh71x9k,database.learningLesson,PSSA_LESSON_HAS_PRACTICE_AND_REVIEW_STATUS,INFO,PASS,reviewStatus=PENDING_REVIEW; practiceSections=6
lesson,cmpdhcgsm00awevu9rk3hmgr4,database.learningLesson,PSSA_LESSON_HAS_PRACTICE_AND_REVIEW_STATUS,INFO,PASS,reviewStatus=PENDING_REVIEW; practiceSections=6
lesson,cmpdhgonw00b9evu9g6u9w9jt,database.learningLesson,PSSA_LESSON_HAS_PRACTICE_AND_REVIEW_STATUS,INFO,PASS,reviewStatus=PENDING_REVIEW; practiceSections=6
lesson,cmpdhhzd600bjevu9362t3f0f,database.learningLesson,PSSA_LESSON_HAS_PRACTICE_AND_REVIEW_STATUS,INFO,PASS,reviewStatus=PENDING_REVIEW; practiceSections=6
lesson,cmpdhlfoh00buevu902sxjmck,database.learningLesson,PSSA_LESSON_HAS_PRACTICE_AND_REVIEW_STATUS,INFO,PASS,reviewStatus=PENDING_REVIEW; practiceSections=6
lesson,cmpdhn7na00c2evu91o7fjgaw,database.learningLesson,PSSA_LESSON_HAS_PRACTICE_AND_REVIEW_STATUS,INFO,PASS,reviewStatus=PENDING_REVIEW; practiceSections=6
lesson,cmpdhp9cf00cfevu9521zskko,database.learningLesson,PSSA_LESSON_HAS_PRACTICE_AND_REVIEW_STATUS,INFO,PASS,reviewStatus=PENDING_REVIEW; practiceSections=6
lesson,cmpdhrlfc00cqevu9gdjhv6if,database.learningLesson,PSSA_LESSON_HAS_PRACTICE_AND_REVIEW_STATUS,INFO,PASS,reviewStatus=PENDING_REVIEW; practiceSections=6
lesson,cmpdht2ut00cyevu96difvrzn,database.learningLesson,PSSA_LESSON_HAS_PRACTICE_AND_REVIEW_STATUS,INFO,PASS,reviewStatus=PENDING_REVIEW; practiceSections=6
lesson,cmpdhvyp400d8evu9dt50rod2,database.learningLesson,PSSA_LESSON_HAS_PRACTICE_AND_REVIEW_STATUS,INFO,PASS,reviewStatus=PENDING_REVIEW; practiceSections=6
lesson,cmpdhwrjk00dievu9tdtn7as2,database.learningLesson,PSSA_LESSON_HAS_PRACTICE_AND_REVIEW_STATUS,INFO,PASS,reviewStatus=PENDING_REVIEW; practiceSections=6
lesson,cmpdi049g00e0evu9i4lhqmdd,database.learningLesson,PSSA_LESSON_HAS_PRACTICE_AND_REVIEW_STATUS,INFO,PASS,reviewStatus=PENDING_REVIEW; practiceSections=6
lesson,cmpdhzp7s00dsevu91d5ngbrd,database.learningLesson,PSSA_LESSON_HAS_PRACTICE_AND_REVIEW_STATUS,INFO,PASS,reviewStatus=PENDING_REVIEW; practiceSections=6
lesson,cmpdi436p00edevu9qj8qbl4v,database.learningLesson,PSSA_LESSON_HAS_PRACTICE_AND_REVIEW_STATUS,INFO,PASS,reviewStatus=PENDING_REVIEW; practiceSections=6
lesson,cmpdi5a0y00elevu98ni5vpa6,database.learningLesson,PSSA_LESSON_HAS_PRACTICE_AND_REVIEW_STATUS,INFO,PASS,reviewStatus=PENDING_REVIEW; practiceSections=6
lesson,cmpdi8kps00etevu9e5xap1kx,database.learningLesson,PSSA_LESSON_HAS_PRACTICE_AND_REVIEW_STATUS,INFO,PASS,reviewStatus=PENDING_REVIEW; practiceSections=6
lesson,cmpdibiyu00f1evu9w0ber6ec,database.learningLesson,PSSA_LESSON_HAS_PRACTICE_AND_REVIEW_STATUS,INFO,PASS,reviewStatus=PENDING_REVIEW; practiceSections=6
lesson,cmpdid0ed00fdevu9ztkt8ejr,database.learningLesson,PSSA_LESSON_HAS_PRACTICE_AND_REVIEW_STATUS,INFO,PASS,reviewStatus=PENDING_REVIEW; practiceSections=6
lesson,cmpdie6nd00fqevu9h7ooi2ft,database.learningLesson,PSSA_LESSON_HAS_PRACTICE_AND_REVIEW_STATUS,INFO,PASS,reviewStatus=PENDING_REVIEW; practiceSections=6
lesson,cmpdii6m500g2evu9v5z7faq3,database.learningLesson,PSSA_LESSON_HAS_PRACTICE_AND_REVIEW_STATUS,INFO,PASS,reviewStatus=PENDING_REVIEW; practiceSections=6
lesson,cmpdijwpx00gaevu9kg2tawq6,database.learningLesson,PSSA_LESSON_HAS_PRACTICE_AND_REVIEW_STATUS,INFO,PASS,reviewStatus=PENDING_REVIEW; practiceSections=6
lesson,cmpdillv200gkevu9hbeud3qu,database.learningLesson,PSSA_LESSON_HAS_PRACTICE_AND_REVIEW_STATUS,INFO,PASS,reviewStatus=PENDING_REVIEW; practiceSections=6
lesson,cmpdio2v800h0evu9lu9ndp41,database.learningLesson,PSSA_LESSON_HAS_PRACTICE_AND_REVIEW_STATUS,INFO,PASS,reviewStatus=PENDING_REVIEW; practiceSections=6
lesson,cmpdio0lr00gsevu959kopr04,database.learningLesson,PSSA_LESSON_HAS_PRACTICE_AND_REVIEW_STATUS,INFO,PASS,reviewStatus=PENDING_REVIEW; practiceSections=6
lesson,cmpdiqi2w00hcevu9yw697jp4,database.learningLesson,PSSA_LESSON_HAS_PRACTICE_AND_REVIEW_STATUS,INFO,PASS,reviewStatus=PENDING_REVIEW; practiceSections=6
lesson,cmpdiqj9200hkevu9wac0r2fv,database.learningLesson,PSSA_LESSON_HAS_PRACTICE_AND_REVIEW_STATUS,INFO,PASS,reviewStatus=PENDING_REVIEW; practiceSections=6
lesson,cmpdiswsi00hwevu91ig9arf8,database.learningLesson,PSSA_LESSON_HAS_PRACTICE_AND_REVIEW_STATUS,INFO,PASS,reviewStatus=PENDING_REVIEW; practiceSections=6
lesson,cmpditszl00i4evu9n5fh3bke,database.learningLesson,PSSA_LESSON_HAS_PRACTICE_AND_REVIEW_STATUS,INFO,PASS,reviewStatus=PENDING_REVIEW; practiceSections=6
lesson,cmpdix3ca00ieevu93foszdc7,database.learningLesson,PSSA_LESSON_HAS_PRACTICE_AND_REVIEW_STATUS,INFO,PASS,reviewStatus=PENDING_REVIEW; practiceSections=6
